keyword,volume,keyword_difficulty,cluster,used_on,irrelevant_reason,in_questions_export
paul,90500,73,Head terms (the subject itself),"Front page, /the-man/ and the site title (Paul of Tarsus, Apostle of Doom)",,
saint paul,33100,50,Head terms (the subject itself),"Front page, /the-man/ and the site title (Paul of Tarsus, Apostle of Doom)",,
st paul,33100,72,Head terms (the subject itself),"Front page, /the-man/ and the site title (Paul of Tarsus, Apostle of Doom)",,
paul saint paul,27100,39,Head terms (the subject itself),"Front page, /the-man/ and the site title (Paul of Tarsus, Apostle of Doom)",,
apostle paul,12100,39,Head terms (the subject itself),"Front page, /the-man/ and the site title (Paul of Tarsus, Apostle of Doom)",,
the apostle,12100,69,Head terms (the subject itself),"Front page, /the-man/ and the site title (Paul of Tarsus, Apostle of Doom)",,
paul the apostle,9900,43,Head terms (the subject itself),"Front page, /the-man/ and the site title (Paul of Tarsus, Apostle of Doom)",,
st pauls,9900,52,Head terms (the subject itself),"Front page, /the-man/ and the site title (Paul of Tarsus, Apostle of Doom)",,
st saint paul,9900,79,Biography and general questions,/questions/#who-was-paul and the question headings above,,
st. paul,9900,43,Head terms (the subject itself),"Front page, /the-man/ and the site title (Paul of Tarsus, Apostle of Doom)",,
founder of christianity,5400,27,Founder of Christianity,/questions/#did-paul-found-christianity and #why-was-paul-important-to-christianity,,
paul apostle of christ,5400,72,Head terms (the subject itself),"Front page, /the-man/ and the site title (Paul of Tarsus, Apostle of Doom)",,
st paul the apostle,5400,60,Head terms (the subject itself),"Front page, /the-man/ and the site title (Paul of Tarsus, Apostle of Doom)",,
paul in the bible,4400,34,Head terms (the subject itself),"Front page, /the-man/ and the site title (Paul of Tarsus, Apostle of Doom)",,
who is paul in the bible,4400,26,Biography and general questions,/questions/#who-was-paul and the question headings above,,yes
how did paul die in the bible,3600,36,Death and martyrdom,/questions/#how-did-paul-die; /the-charges/a-death-the-scriptures-never-record/,,yes
how did the apostle paul die,3600,43,Death and martyrdom,/questions/#how-did-paul-die; /the-charges/a-death-the-scriptures-never-record/,,yes
pauls,3600,41,Head terms (the subject itself),"Front page, /the-man/ and the site title (Paul of Tarsus, Apostle of Doom)",,
saint paul the apostle,3600,46,Head terms (the subject itself),"Front page, /the-man/ and the site title (Paul of Tarsus, Apostle of Doom)",,
saul in the bible,3600,47,Conversion and Damascus road,"/questions/#are-saul-and-paul-the-same-person, #did-paul-kill-christians, #what-happened-on-the-road-to-damascus",,
saul of tarsus,3600,48,Conversion and Damascus road,"/questions/#are-saul-and-paul-the-same-person, #did-paul-kill-christians, #what-happened-on-the-road-to-damascus",,
who is the founder of the christianity,3600,26,Founder of Christianity,/questions/#did-paul-found-christianity and #why-was-paul-important-to-christianity,,yes
who was paul in the bible,3600,45,Biography and general questions,/questions/#who-was-paul and the question headings above,,yes
who was the founder for christianity,3600,26,Founder of Christianity,/questions/#did-paul-found-christianity and #why-was-paul-important-to-christianity,,yes
who was the founder of christianity,3600,26,Founder of Christianity,/questions/#did-paul-found-christianity and #why-was-paul-important-to-christianity,,yes
founder of the christianity,2900,31,Founder of Christianity,/questions/#did-paul-found-christianity and #why-was-paul-important-to-christianity,,
how did paul die,2900,42,Death and martyrdom,/questions/#how-did-paul-die; /the-charges/a-death-the-scriptures-never-record/,,yes
paul of tarsus,2900,40,Head terms (the subject itself),"Front page, /the-man/ and the site title (Paul of Tarsus, Apostle of Doom)",,
saint pauls,2900,55,Head terms (the subject itself),"Front page, /the-man/ and the site title (Paul of Tarsus, Apostle of Doom)",,
the apostle paul,2900,37,Head terms (the subject itself),"Front page, /the-man/ and the site title (Paul of Tarsus, Apostle of Doom)",,
who founder of christianity,2900,20,Founder of Christianity,/questions/#did-paul-found-christianity and #why-was-paul-important-to-christianity,,yes
who is the founder christianity,2900,19,Founder of Christianity,/questions/#did-paul-found-christianity and #why-was-paul-important-to-christianity,,yes
did paul ever meet jesus,2400,21,Did Paul meet Jesus,/questions/#did-paul-meet-jesus; journal entry /journal/2026/10/did-paul-ever-meet-jesus/,,yes
how did paul the apostle die,2400,40,Death and martyrdom,/questions/#how-did-paul-die; /the-charges/a-death-the-scriptures-never-record/,,yes
paul bible,2400,30,Head terms (the subject itself),"Front page, /the-man/ and the site title (Paul of Tarsus, Apostle of Doom)",,
paul the disciple,2400,50,Disciple or apostle status,/questions/#was-paul-one-of-the-twelve and #who-taught-paul,,
who is the founder of christianity,2400,25,Founder of Christianity,/questions/#did-paul-found-christianity and #why-was-paul-important-to-christianity,,yes
apostle paul preaching,1900,20,Journeys and ministry,/questions/#how-many-times-was-paul-arrested and #why-was-paul-important-to-christianity,,
did paul meet jesus,1900,24,Did Paul meet Jesus,/questions/#did-paul-meet-jesus; journal entry /journal/2026/10/did-paul-ever-meet-jesus/,,yes
paul tarsus,1900,46,Head terms (the subject itself),"Front page, /the-man/ and the site title (Paul of Tarsus, Apostle of Doom)",,
was paul an apostle,1900,24,Disciple or apostle status,/questions/#was-paul-one-of-the-twelve and #who-taught-paul,,yes
founder for christianity,1600,23,Founder of Christianity,/questions/#did-paul-found-christianity and #why-was-paul-important-to-christianity,,
how did apostle paul die,1600,37,Death and martyrdom,/questions/#how-did-paul-die; /the-charges/a-death-the-scriptures-never-record/,,yes
saint paul church,1600,49,Biography and general questions,/questions/#who-was-paul and the question headings above,,
saul the apostle,1600,51,Conversion and Damascus road,"/questions/#are-saul-and-paul-the-same-person, #did-paul-kill-christians, #what-happened-on-the-road-to-damascus",,
saul to paul,1600,32,Conversion and Damascus road,"/questions/#are-saul-and-paul-the-same-person, #did-paul-kill-christians, #what-happened-on-the-road-to-damascus",,
was paul a disciple,1600,27,Disciple or apostle status,/questions/#was-paul-one-of-the-twelve and #who-taught-paul,,yes
who is the founder for christianity,1600,25,Founder of Christianity,/questions/#did-paul-found-christianity and #why-was-paul-important-to-christianity,,yes
who was saul in the bible,1600,38,Conversion and Damascus road,"/questions/#are-saul-and-paul-the-same-person, #did-paul-kill-christians, #what-happened-on-the-road-to-damascus",,yes
who was the founder christianity,1600,29,Founder of Christianity,/questions/#did-paul-found-christianity and #why-was-paul-important-to-christianity,,yes
did paul ever meet jesus in person,1300,25,Did Paul meet Jesus,/questions/#did-paul-meet-jesus; journal entry /journal/2026/10/did-paul-ever-meet-jesus/,,yes
founder in christianity,1300,19,Founder of Christianity,/questions/#did-paul-found-christianity and #why-was-paul-important-to-christianity,,
how did paul died in bible,1300,37,Death and martyrdom,/questions/#how-did-paul-die; /the-charges/a-death-the-scriptures-never-record/,,yes
how did st paul die,1300,36,Death and martyrdom,/questions/#how-did-paul-die; /the-charges/a-death-the-scriptures-never-record/,,yes
paul an apostle of christ,1300,68,Head terms (the subject itself),"Front page, /the-man/ and the site title (Paul of Tarsus, Apostle of Doom)",,
paul from the bible,1300,34,Biography and general questions,/questions/#who-was-paul and the question headings above,,
paul the saint,1300,39,Head terms (the subject itself),"Front page, /the-man/ and the site title (Paul of Tarsus, Apostle of Doom)",,
saint paul christian,1300,68,Head terms (the subject itself),"Front page, /the-man/ and the site title (Paul of Tarsus, Apostle of Doom)",,
st paul of tarsus,1300,30,Head terms (the subject itself),"Front page, /the-man/ and the site title (Paul of Tarsus, Apostle of Doom)",,
st. paul's,1300,71,Head terms (the subject itself),"Front page, /the-man/ and the site title (Paul of Tarsus, Apostle of Doom)",,
story of paul in the bible,1300,37,Biography and general questions,/questions/#who-was-paul and the question headings above,,
who is founder of christianity,1300,25,Founder of Christianity,/questions/#did-paul-found-christianity and #why-was-paul-important-to-christianity,,yes
who is paul,1300,35,Biography and general questions,/questions/#who-was-paul and the question headings above,,yes
how did saint paul die,1000,27,Death and martyrdom,/questions/#how-did-paul-die; /the-charges/a-death-the-scriptures-never-record/,,yes
how does paul die,1000,44,Death and martyrdom,/questions/#how-did-paul-die; /the-charges/a-death-the-scriptures-never-record/,,yes
paul saul,1000,46,Conversion and Damascus road,"/questions/#are-saul-and-paul-the-same-person, #did-paul-kill-christians, #what-happened-on-the-road-to-damascus",,
story of paul from the bible,1000,29,Biography and general questions,/questions/#who-was-paul and the question headings above,,
was paul a pharisee,1000,19,"Pharisee, Jew and Roman citizen",/questions/#was-paul-a-jew-and-a-pharisee and #was-paul-a-roman-citizen,,yes
what does paul mean,1000,18,Name and meaning,/questions/#what-does-the-name-paul-mean,,yes
what does the name paul mean,1000,27,Name and meaning,/questions/#what-does-the-name-paul-mean,,yes
bible paul,880,31,Head terms (the subject itself),"Front page, /the-man/ and the site title (Paul of Tarsus, Apostle of Doom)",,
disciple paul,880,31,Disciple or apostle status,/questions/#was-paul-one-of-the-twelve and #who-taught-paul,,
how old was paul when he died,880,34,Death and martyrdom,/questions/#how-did-paul-die; /the-charges/a-death-the-scriptures-never-record/,,yes
paul apostle,880,48,Head terms (the subject itself),"Front page, /the-man/ and the site title (Paul of Tarsus, Apostle of Doom)",,
paul from bible,880,25,Biography and general questions,/questions/#who-was-paul and the question headings above,,
paul's story bible,880,30,Biography and general questions,/questions/#who-was-paul and the question headings above,,
saul and paul,880,39,Conversion and Damascus road,"/questions/#are-saul-and-paul-the-same-person, #did-paul-kill-christians, #what-happened-on-the-road-to-damascus",,
saul paul,880,49,Conversion and Damascus road,"/questions/#are-saul-and-paul-the-same-person, #did-paul-kill-christians, #what-happened-on-the-road-to-damascus",,
st paul or,880,36,Biography and general questions,/questions/#who-was-paul and the question headings above,,
st.paul,880,56,Head terms (the subject itself),"Front page, /the-man/ and the site title (Paul of Tarsus, Apostle of Doom)",,
story of saul to paul in the bible,880,29,Conversion and Damascus road,"/questions/#are-saul-and-paul-the-same-person, #did-paul-kill-christians, #what-happened-on-the-road-to-damascus",,
was paul a jew,880,25,"Pharisee, Jew and Roman citizen",/questions/#was-paul-a-jew-and-a-pharisee and #was-paul-a-roman-citizen,,yes
was paul jewish,880,19,"Pharisee, Jew and Roman citizen",/questions/#was-paul-a-jew-and-a-pharisee and #was-paul-a-roman-citizen,,yes
what do paul mean,880,27,Name and meaning,/questions/#what-does-the-name-paul-mean,,yes
when did saul become paul,880,35,Conversion and Damascus road,"/questions/#are-saul-and-paul-the-same-person, #did-paul-kill-christians, #what-happened-on-the-road-to-damascus",,yes
who was the apostle paul,880,33,Biography and general questions,/questions/#who-was-paul and the question headings above,,yes
apostle paul death,720,48,Death and martyrdom,/questions/#how-did-paul-die; /the-charges/a-death-the-scriptures-never-record/,,
how did paul in the bible die,720,29,Death and martyrdom,/questions/#how-did-paul-die; /the-charges/a-death-the-scriptures-never-record/,,yes
paul in bible,720,29,Biography and general questions,/questions/#who-was-paul and the question headings above,,
paul was a pharisee,720,18,"Pharisee, Jew and Roman citizen",/questions/#was-paul-a-jew-and-a-pharisee and #was-paul-a-roman-citizen,,
saint paul of tarsus,720,43,Head terms (the subject itself),"Front page, /the-man/ and the site title (Paul of Tarsus, Apostle of Doom)",,
when did paul die,720,41,Death and martyrdom,/questions/#how-did-paul-die; /the-charges/a-death-the-scriptures-never-record/,,yes
who was paul,720,32,Biography and general questions,/questions/#who-was-paul and the question headings above,,yes
bible story of paul,590,34,Biography and general questions,/questions/#who-was-paul and the question headings above,,
biblical story of paul,590,32,Biography and general questions,/questions/#who-was-paul and the question headings above,,
how did paul bible die,590,32,Death and martyrdom,/questions/#how-did-paul-die; /the-charges/a-death-the-scriptures-never-record/,,yes
how does paul die in the bible,590,33,Death and martyrdom,/questions/#how-did-paul-die; /the-charges/a-death-the-scriptures-never-record/,,yes
in the bible who was paul,590,18,Biography and general questions,/questions/#who-was-paul and the question headings above,,
paul of the bible,590,20,Biography and general questions,/questions/#who-was-paul and the question headings above,,
saul is paul in the bible,590,33,Conversion and Damascus road,"/questions/#are-saul-and-paul-the-same-person, #did-paul-kill-christians, #what-happened-on-the-road-to-damascus",,
st. paul the apostle,590,62,Head terms (the subject itself),"Front page, /the-man/ and the site title (Paul of Tarsus, Apostle of Doom)",,
the meaning of name paul,590,27,Name and meaning,/questions/#what-does-the-name-paul-mean,,
the story of saul in the bible,590,30,Conversion and Damascus road,"/questions/#are-saul-and-paul-the-same-person, #did-paul-kill-christians, #what-happened-on-the-road-to-damascus",,
who is st paul,590,39,Biography and general questions,/questions/#who-was-paul and the question headings above,,yes
who was paul bible,590,34,Biography and general questions,/questions/#who-was-paul and the question headings above,,yes
who was paul from the bible,590,22,Biography and general questions,/questions/#who-was-paul and the question headings above,,yes
who was paul in bible,590,28,Biography and general questions,/questions/#who-was-paul and the question headings above,,yes
christian paul,480,50,Head terms (the subject itself),"Front page, /the-man/ and the site title (Paul of Tarsus, Apostle of Doom)",,
christianity paul,480,20,Founder of Christianity,/questions/#did-paul-found-christianity and #why-was-paul-important-to-christianity,,
define paul,480,39,Biography and general questions,/questions/#who-was-paul and the question headings above,,
did paul know jesus,480,26,Did Paul meet Jesus,/questions/#did-paul-meet-jesus; journal entry /journal/2026/10/did-paul-ever-meet-jesus/,,yes
how did paul from the bible die,480,44,Death and martyrdom,/questions/#how-did-paul-die; /the-charges/a-death-the-scriptures-never-record/,,yes
meaning of paul,480,26,Name and meaning,/questions/#what-does-the-name-paul-mean,,
meaning paul,480,22,Name and meaning,/questions/#what-does-the-name-paul-mean,,
paul christianity,480,17,Founder of Christianity,/questions/#did-paul-found-christianity and #why-was-paul-important-to-christianity,,
paul death,480,40,Death and martyrdom,/questions/#how-did-paul-die; /the-charges/a-death-the-scriptures-never-record/,,
paul definition,480,46,Name and meaning,/questions/#what-does-the-name-paul-mean,,
paul in christianity,480,17,Founder of Christianity,/questions/#did-paul-found-christianity and #why-was-paul-important-to-christianity,,
paul in the chosen,480,38,Disciple or apostle status,/questions/#was-paul-one-of-the-twelve and #who-taught-paul,,
paul name origin,480,27,Name and meaning,/questions/#what-does-the-name-paul-mean,,
paul's apostleship,480,20,Disciple or apostle status,/questions/#was-paul-one-of-the-twelve and #who-taught-paul,,
saul of taurus,480,36,Conversion and Damascus road,"/questions/#are-saul-and-paul-the-same-person, #did-paul-kill-christians, #what-happened-on-the-road-to-damascus",,
saul to paul bible,480,38,Conversion and Damascus road,"/questions/#are-saul-and-paul-the-same-person, #did-paul-kill-christians, #what-happened-on-the-road-to-damascus",,
st. pauls,480,57,Head terms (the subject itself),"Front page, /the-man/ and the site title (Paul of Tarsus, Apostle of Doom)",,
the story of paul in the bible,480,26,Biography and general questions,/questions/#who-was-paul and the question headings above,,
was paul married,480,26,"Birth, family and background",/questions/#where-and-when-was-paul-born and #was-paul-married,,yes
was paul one of the 12 disciples,480,23,Disciple or apostle status,/questions/#was-paul-one-of-the-twelve and #who-taught-paul,,yes
what happened to paul in the bible,480,30,Biography and general questions,/questions/#who-was-paul and the question headings above,,yes
who is apostle paul,480,38,Biography and general questions,/questions/#who-was-paul and the question headings above,,yes
who is the apostle paul,480,32,Biography and general questions,/questions/#who-was-paul and the question headings above,,yes
who's paul in the bible,480,34,Biography and general questions,/questions/#who-was-paul and the question headings above,,yes
10 facts about saint paul,390,20,Journeys and ministry,/questions/#how-many-times-was-paul-arrested and #why-was-paul-important-to-christianity,,
apostle paul in the bible,390,30,Biography and general questions,/questions/#who-was-paul and the question headings above,,
bible how did paul die,390,32,Death and martyrdom,/questions/#how-did-paul-die; /the-charges/a-death-the-scriptures-never-record/,,
how did paul the apostle died,390,34,Death and martyrdom,/questions/#how-did-paul-die; /the-charges/a-death-the-scriptures-never-record/,,yes
how old was paul when he was converted,390,18,Death and martyrdom,/questions/#how-did-paul-die; /the-charges/a-death-the-scriptures-never-record/,,yes
how old was the apostle paul when he died,390,36,Death and martyrdom,/questions/#how-did-paul-die; /the-charges/a-death-the-scriptures-never-record/,,yes
how was paul killed,390,43,Death and martyrdom,/questions/#how-did-paul-die; /the-charges/a-death-the-scriptures-never-record/,,yes
how was paul killed in the bible,390,25,Death and martyrdom,/questions/#how-did-paul-die; /the-charges/a-death-the-scriptures-never-record/,,yes
is paul an apostle,390,24,Biography and general questions,/questions/#who-was-paul and the question headings above,,yes
paul 1,390,45,Biography and general questions,/questions/#who-was-paul and the question headings above,,
paul and the bible,390,22,Biography and general questions,/questions/#who-was-paul and the question headings above,,
paul the chosen,390,22,Disciple or apostle status,/questions/#was-paul-one-of-the-twelve and #who-taught-paul,,
paul was a jew,390,16,"Pharisee, Jew and Roman citizen",/questions/#was-paul-a-jew-and-a-pharisee and #was-paul-a-roman-citizen,,
saint paul of tarsus church,390,23,Biography and general questions,/questions/#who-was-paul and the question headings above,,
saul and paul in the bible,390,22,Conversion and Damascus road,"/questions/#are-saul-and-paul-the-same-person, #did-paul-kill-christians, #what-happened-on-the-road-to-damascus",,
saul to paul in the bible,390,37,Conversion and Damascus road,"/questions/#are-saul-and-paul-the-same-person, #did-paul-kill-christians, #what-happened-on-the-road-to-damascus",,
st pau,390,71,Biography and general questions,/questions/#who-was-paul and the question headings above,,
st paul christian,390,38,Biography and general questions,/questions/#who-was-paul and the question headings above,,
st paul death,390,41,Death and martyrdom,/questions/#how-did-paul-die; /the-charges/a-death-the-scriptures-never-record/,,
st paul of damascus,390,50,Conversion and Damascus road,"/questions/#are-saul-and-paul-the-same-person, #did-paul-kill-christians, #what-happened-on-the-road-to-damascus",,
st paul of tarsus church,390,31,Biography and general questions,/questions/#who-was-paul and the question headings above,,
st paul saul,390,49,Conversion and Damascus road,"/questions/#are-saul-and-paul-the-same-person, #did-paul-kill-christians, #what-happened-on-the-road-to-damascus",,
staint paul,390,35,Biography and general questions,/questions/#who-was-paul and the question headings above,,
the paul,390,64,Head terms (the subject itself),"Front page, /the-man/ and the site title (Paul of Tarsus, Apostle of Doom)",,
was paul a disciple of jesus,390,24,Disciple or apostle status,/questions/#was-paul-one-of-the-twelve and #who-taught-paul,,yes
was paul a roman,390,31,"Pharisee, Jew and Roman citizen",/questions/#was-paul-a-jew-and-a-pharisee and #was-paul-a-roman-citizen,,yes
was paul alive when jesus was alive,390,34,Biography and general questions,/questions/#who-was-paul and the question headings above,,yes
was paul one of the 12 apostles,390,14,Disciple or apostle status,/questions/#was-paul-one-of-the-twelve and #who-taught-paul,,yes
who is paul of the bible,390,26,Biography and general questions,/questions/#who-was-paul and the question headings above,,yes
who paul,390,42,Biography and general questions,/questions/#who-was-paul and the question headings above,,yes
who was paul the apostle,390,33,Biography and general questions,/questions/#who-was-paul and the question headings above,,yes
apostle paul bible,320,31,Biography and general questions,/questions/#who-was-paul and the question headings above,,
bible stories paul,320,40,Biography and general questions,/questions/#who-was-paul and the question headings above,,
biblical meaning of paul,320,31,Name and meaning,/questions/#what-does-the-name-paul-mean,,
biblical paul,320,41,Biography and general questions,/questions/#who-was-paul and the question headings above,,
call paul's,320,13,Biography and general questions,/questions/#who-was-paul and the question headings above,,
definition paul,320,35,Name and meaning,/questions/#what-does-the-name-paul-mean,,
did jesus and paul meet,320,18,Biography and general questions,/questions/#who-was-paul and the question headings above,,yes
did jesus know paul,320,15,Biography and general questions,/questions/#who-was-paul and the question headings above,,yes
did jesus meet paul,320,21,Biography and general questions,/questions/#who-was-paul and the question headings above,,yes
father paul,320,18,Biography and general questions,/questions/#who-was-paul and the question headings above,,
how and when did paul the apostle die,320,35,Death and martyrdom,/questions/#how-did-paul-die; /the-charges/a-death-the-scriptures-never-record/,,yes
how many times was paul arrested,320,16,Biography and general questions,/questions/#who-was-paul and the question headings above,,yes
how old is paul to real,320,24,"Birth, family and background",/questions/#where-and-when-was-paul-born and #was-paul-married,,yes
how paul died in the bible,320,31,Death and martyrdom,/questions/#how-did-paul-die; /the-charges/a-death-the-scriptures-never-record/,,yes
is paul,320,37,Biography and general questions,/questions/#who-was-paul and the question headings above,,yes
paul and christian,320,27,Biography and general questions,/questions/#who-was-paul and the question headings above,,
paul and jesus,320,35,Biography and general questions,/questions/#who-was-paul and the question headings above,,
paul at ephesus,320,17,Journeys and ministry,/questions/#how-many-times-was-paul-arrested and #why-was-paul-important-to-christianity,,
paul biblical meaning,320,45,Name and meaning,/questions/#what-does-the-name-paul-mean,,
paul in ephesus,320,21,Journeys and ministry,/questions/#how-many-times-was-paul-arrested and #why-was-paul-important-to-christianity,,
paul jesus,320,49,Biography and general questions,/questions/#who-was-paul and the question headings above,,
paul o'neill rookie card,320,53,Biography and general questions,/questions/#who-was-paul and the question headings above,,
paul origin of name,320,35,Biography and general questions,/questions/#who-was-paul and the question headings above,,
paul revere church,320,54,Biography and general questions,/questions/#who-was-paul and the question headings above,,
paul the apostle books,320,25,Writings and teaching,/questions/#what-books-did-paul-write and #what-did-paul-teach,,
paul's death,320,30,Death and martyrdom,/questions/#how-did-paul-die; /the-charges/a-death-the-scriptures-never-record/,,
paul's mall,320,69,Biography and general questions,/questions/#who-was-paul and the question headings above,,
saul apostle paul,320,50,Conversion and Damascus road,"/questions/#are-saul-and-paul-the-same-person, #did-paul-kill-christians, #what-happened-on-the-road-to-damascus",,
saul paul bible,320,45,Conversion and Damascus road,"/questions/#are-saul-and-paul-the-same-person, #did-paul-kill-christians, #what-happened-on-the-road-to-damascus",,
st paaul,320,49,Biography and general questions,/questions/#who-was-paul and the question headings above,,
st paul apostle,320,63,Head terms (the subject itself),"Front page, /the-man/ and the site title (Paul of Tarsus, Apostle of Doom)",,
story of paul,320,38,Biography and general questions,/questions/#who-was-paul and the question headings above,,
street paul,320,31,Biography and general questions,/questions/#who-was-paul and the question headings above,,
tarsus bible,320,24,Biography and general questions,/questions/#who-was-paul and the question headings above,,
the chosen paul,320,36,Disciple or apostle status,/questions/#was-paul-one-of-the-twelve and #who-taught-paul,,
the founder of christianity,320,18,Founder of Christianity,/questions/#did-paul-found-christianity and #why-was-paul-important-to-christianity,,
the pauls,320,11,Head terms (the subject itself),"Front page, /the-man/ and the site title (Paul of Tarsus, Apostle of Doom)",,
was paul a jew or gentile,320,21,"Pharisee, Jew and Roman citizen",/questions/#was-paul-a-jew-and-a-pharisee and #was-paul-a-roman-citizen,,yes
was paul a roman citizen,320,23,"Pharisee, Jew and Roman citizen",/questions/#was-paul-a-jew-and-a-pharisee and #was-paul-a-roman-citizen,,yes
what did paul do in the bible,320,28,Biography and general questions,/questions/#who-was-paul and the question headings above,,yes
what does paul name mean,320,26,Name and meaning,/questions/#what-does-the-name-paul-mean,,yes
what happened to paul,320,31,Biography and general questions,/questions/#who-was-paul and the question headings above,,yes
when did the apostle paul die,320,38,Death and martyrdom,/questions/#how-did-paul-die; /the-charges/a-death-the-scriptures-never-record/,,yes
where is paul in the bible,320,35,Biography and general questions,/questions/#who-was-paul and the question headings above,,yes
where was paul born,320,38,"Birth, family and background",/questions/#where-and-when-was-paul-born and #was-paul-married,,yes
who is paul from the bible,320,28,Biography and general questions,/questions/#who-was-paul and the question headings above,,yes
who is paul in the chosen,320,38,Disciple or apostle status,/questions/#was-paul-one-of-the-twelve and #who-taught-paul,,yes
who is saint paul,320,43,Biography and general questions,/questions/#who-was-paul and the question headings above,,yes
who was saint paul,320,41,Biography and general questions,/questions/#who-was-paul and the question headings above,,yes
who was st paul,320,33,Biography and general questions,/questions/#who-was-paul and the question headings above,,yes
a paul,260,47,Biography and general questions,/questions/#who-was-paul and the question headings above,,yes
apostle paul execution,260,30,Death and martyrdom,/questions/#how-did-paul-die; /the-charges/a-death-the-scriptures-never-record/,,
apostle to gentiles,260,29,Journeys and ministry,/questions/#how-many-times-was-paul-arrested and #why-was-paul-important-to-christianity,,
apostle to the gentiles,260,21,Journeys and ministry,/questions/#how-many-times-was-paul-arrested and #why-was-paul-important-to-christianity,,
brother paul,260,55,Biography and general questions,/questions/#who-was-paul and the question headings above,,
christ paul,260,70,Biography and general questions,/questions/#who-was-paul and the question headings above,,
christian paul thebaptist,260,33,Biography and general questions,/questions/#who-was-paul and the question headings above,,
death of paul,260,29,Death and martyrdom,/questions/#how-did-paul-die; /the-charges/a-death-the-scriptures-never-record/,,
did paul,260,42,Biography and general questions,/questions/#who-was-paul and the question headings above,,yes
did paul kill christians,260,20,Death and martyrdom,/questions/#how-did-paul-die; /the-charges/a-death-the-scriptures-never-record/,,yes
hebrew meaning of paul,260,24,Name and meaning,/questions/#what-does-the-name-paul-mean,,
how did paul become an apostle,260,24,Biography and general questions,/questions/#who-was-paul and the question headings above,,yes
how did paul die in bible,260,26,Death and martyrdom,/questions/#how-did-paul-die; /the-charges/a-death-the-scriptures-never-record/,,yes
how did paul died in the bible,260,26,Death and martyrdom,/questions/#how-did-paul-die; /the-charges/a-death-the-scriptures-never-record/,,yes
how did paul of the bible die,260,29,Death and martyrdom,/questions/#how-did-paul-die; /the-charges/a-death-the-scriptures-never-record/,,yes
how paul was killed,260,42,Death and martyrdom,/questions/#how-did-paul-die; /the-charges/a-death-the-scriptures-never-record/,,yes
how was paul a roman citizen,260,23,"Pharisee, Jew and Roman citizen",/questions/#was-paul-a-jew-and-a-pharisee and #was-paul-a-roman-citizen,,yes
meaning of paul in hebrew,260,32,Name and meaning,/questions/#what-does-the-name-paul-mean,,
meaning of paul in the bible,260,31,Name and meaning,/questions/#what-does-the-name-paul-mean,,
origin of paul name,260,29,Name and meaning,/questions/#what-does-the-name-paul-mean,,
paul a,260,39,Biography and general questions,/questions/#who-was-paul and the question headings above,,
paul a rome,260,21,"Pharisee, Jew and Roman citizen",/questions/#was-paul-a-jew-and-a-pharisee and #was-paul-a-roman-citizen,,
paul and christianity,260,39,Founder of Christianity,/questions/#did-paul-found-christianity and #why-was-paul-important-to-christianity,,
paul and ephesus,260,14,Journeys and ministry,/questions/#how-many-times-was-paul-arrested and #why-was-paul-important-to-christianity,,
paul and saul,260,25,Conversion and Damascus road,"/questions/#are-saul-and-paul-the-same-person, #did-paul-kill-christians, #what-happened-on-the-road-to-damascus",,
paul bible story,260,24,Biography and general questions,/questions/#who-was-paul and the question headings above,,
paul chabas september morn painting,260,57,Biography and general questions,/questions/#who-was-paul and the question headings above,,
paul disciple,260,42,Disciple or apostle status,/questions/#was-paul-one-of-the-twelve and #who-taught-paul,,
paul in bible meaning,260,27,Name and meaning,/questions/#what-does-the-name-paul-mean,,
paul in rome,260,26,"Pharisee, Jew and Roman citizen",/questions/#was-paul-a-jew-and-a-pharisee and #was-paul-a-roman-citizen,,
paul in the bible story,260,28,Biography and general questions,/questions/#who-was-paul and the question headings above,,
paul martin american grill,260,47,Biography and general questions,/questions/#who-was-paul and the question headings above,,
paul mean,260,25,Name and meaning,/questions/#what-does-the-name-paul-mean,,
paul meaning bible,260,45,Name and meaning,/questions/#what-does-the-name-paul-mean,,
paul meaning hebrew,260,33,Name and meaning,/questions/#what-does-the-name-paul-mean,,
paul meaning in hebrew,260,34,Name and meaning,/questions/#what-does-the-name-paul-mean,,
paul of christianity,260,20,Founder of Christianity,/questions/#did-paul-found-christianity and #why-was-paul-important-to-christianity,,
paul scriptures bible,260,24,Biography and general questions,/questions/#who-was-paul and the question headings above,,
paul story,260,41,Biography and general questions,/questions/#who-was-paul and the question headings above,,
paul the apostle death,260,34,Death and martyrdom,/questions/#how-did-paul-die; /the-charges/a-death-the-scriptures-never-record/,,
paul the name,260,31,Biography and general questions,/questions/#who-was-paul and the question headings above,,
paul to saul,260,38,Conversion and Damascus road,"/questions/#are-saul-and-paul-the-same-person, #did-paul-kill-christians, #what-happened-on-the-road-to-damascus",,
paul vs jesus,260,11,Biography and general questions,/questions/#who-was-paul and the question headings above,,
paul's death in the bible,260,30,Death and martyrdom,/questions/#how-did-paul-die; /the-charges/a-death-the-scriptures-never-record/,,
paul. apostle of christ,260,61,Biography and general questions,/questions/#who-was-paul and the question headings above,,
paulism,260,39,Biography and general questions,/questions/#who-was-paul and the question headings above,,
pauls a,260,33,Biography and general questions,/questions/#who-was-paul and the question headings above,,
pauls journey,260,28,Journeys and ministry,/questions/#how-many-times-was-paul-arrested and #why-was-paul-important-to-christianity,,
s paul,260,34,Biography and general questions,/questions/#who-was-paul and the question headings above,,
saint paul's,260,73,Head terms (the subject itself),"Front page, /the-man/ and the site title (Paul of Tarsus, Apostle of Doom)",,
sat paul,260,36,Biography and general questions,/questions/#who-was-paul and the question headings above,,
saul bible story,260,38,Conversion and Damascus road,"/questions/#are-saul-and-paul-the-same-person, #did-paul-kill-christians, #what-happened-on-the-road-to-damascus",,
saul of the bible,260,34,Conversion and Damascus road,"/questions/#are-saul-and-paul-the-same-person, #did-paul-kill-christians, #what-happened-on-the-road-to-damascus",,
saunt paul,260,52,Biography and general questions,/questions/#who-was-paul and the question headings above,,
st paul history,260,42,Biography and general questions,/questions/#who-was-paul and the question headings above,,
st paul in,260,60,Biography and general questions,/questions/#who-was-paul and the question headings above,,
st paul saint,260,55,Biography and general questions,/questions/#who-was-paul and the question headings above,,
story of saul,260,22,Conversion and Damascus road,"/questions/#are-saul-and-paul-the-same-person, #did-paul-kill-christians, #what-happened-on-the-road-to-damascus",,
tarsus in the bible,260,26,Biography and general questions,/questions/#who-was-paul and the question headings above,,
the apostal,260,65,Biography and general questions,/questions/#who-was-paul and the question headings above,,
the paul's,260,68,Head terms (the subject itself),"Front page, /the-man/ and the site title (Paul of Tarsus, Apostle of Doom)",,
the story of saul to paul summary,260,21,Conversion and Damascus road,"/questions/#are-saul-and-paul-the-same-person, #did-paul-kill-christians, #what-happened-on-the-road-to-damascus",,
was paul a gentile,260,35,Journeys and ministry,/questions/#how-many-times-was-paul-arrested and #why-was-paul-important-to-christianity,,yes
was paul a jew or a gentile,260,20,"Pharisee, Jew and Roman citizen",/questions/#was-paul-a-jew-and-a-pharisee and #was-paul-a-roman-citizen,,yes
was paul a murderer,260,18,Biography and general questions,/questions/#who-was-paul and the question headings above,,yes
was paul an apostle of jesus,260,26,Disciple or apostle status,/questions/#was-paul-one-of-the-twelve and #who-taught-paul,,yes
was paul trained by apostles,260,27,Biography and general questions,/questions/#who-was-paul and the question headings above,,yes
was saul a pharisee,260,22,Conversion and Damascus road,"/questions/#are-saul-and-paul-the-same-person, #did-paul-kill-christians, #what-happened-on-the-road-to-damascus",,yes
what did apostle paul look like,260,11,"Birth, family and background",/questions/#where-and-when-was-paul-born and #was-paul-married,,yes
what did paul look like,260,9,"Birth, family and background",/questions/#where-and-when-was-paul-born and #was-paul-married,,yes
what did saul do in the bible,260,33,Conversion and Damascus road,"/questions/#are-saul-and-paul-the-same-person, #did-paul-kill-christians, #what-happened-on-the-road-to-damascus",,yes
what is paul,260,23,Biography and general questions,/questions/#who-was-paul and the question headings above,,yes
what tribe is paul from,260,28,Biography and general questions,/questions/#who-was-paul and the question headings above,,yes
what tribe was paul from,260,28,Biography and general questions,/questions/#who-was-paul and the question headings above,,yes
when and how did paul die,260,38,Death and martyrdom,/questions/#how-did-paul-die; /the-charges/a-death-the-scriptures-never-record/,,yes
when did paul become an apostle,260,31,Biography and general questions,/questions/#who-was-paul and the question headings above,,yes
when did paul die bible,260,40,Death and martyrdom,/questions/#how-did-paul-die; /the-charges/a-death-the-scriptures-never-record/,,yes
when did paul die in the bible,260,36,Death and martyrdom,/questions/#how-did-paul-die; /the-charges/a-death-the-scriptures-never-record/,,yes
when did paul meet jesus,260,12,Did Paul meet Jesus,/questions/#did-paul-meet-jesus; journal entry /journal/2026/10/did-paul-ever-meet-jesus/,,yes
when did paul of the bible die,260,37,Death and martyrdom,/questions/#how-did-paul-die; /the-charges/a-death-the-scriptures-never-record/,,yes
when did saint paul die,260,39,Death and martyrdom,/questions/#how-did-paul-die; /the-charges/a-death-the-scriptures-never-record/,,yes
when did st paul die,260,38,Death and martyrdom,/questions/#how-did-paul-die; /the-charges/a-death-the-scriptures-never-record/,,yes
when was paul born,260,20,"Birth, family and background",/questions/#where-and-when-was-paul-born and #was-paul-married,,yes
when was st paul born,260,13,"Birth, family and background",/questions/#where-and-when-was-paul-born and #was-paul-married,,yes
where is paul from in the bible,260,30,Biography and general questions,/questions/#who-was-paul and the question headings above,,yes
where was paul from in the bible,260,42,"Birth, family and background",/questions/#where-and-when-was-paul-born and #was-paul-married,,yes
xpaul,260,24,Biography and general questions,/questions/#who-was-paul and the question headings above,,
apostle paul family background,210,29,"Birth, family and background",/questions/#where-and-when-was-paul-born and #was-paul-married,,
apostle paul married,210,28,"Birth, family and background",/questions/#where-and-when-was-paul-born and #was-paul-married,,
apostle paul's death,210,35,Death and martyrdom,/questions/#how-did-paul-die; /the-charges/a-death-the-scriptures-never-record/,,
biblical saul paul,210,39,Conversion and Damascus road,"/questions/#are-saul-and-paul-the-same-person, #did-paul-kill-christians, #what-happened-on-the-road-to-damascus",,
catholic st paul,210,61,Biography and general questions,/questions/#who-was-paul and the question headings above,,
death paul,210,41,Death and martyrdom,/questions/#how-did-paul-die; /the-charges/a-death-the-scriptures-never-record/,,
did apostle paul meet jesus,210,11,Did Paul meet Jesus,/questions/#did-paul-meet-jesus; journal entry /journal/2026/10/did-paul-ever-meet-jesus/,,yes
did paul die,210,45,Death and martyrdom,/questions/#how-did-paul-die; /the-charges/a-death-the-scriptures-never-record/,,yes
did paul see jesus,210,20,Did Paul meet Jesus,/questions/#did-paul-meet-jesus; journal entry /journal/2026/10/did-paul-ever-meet-jesus/,,yes
did saul kill christians,210,22,Death and martyrdom,/questions/#how-did-paul-die; /the-charges/a-death-the-scriptures-never-record/,,yes
did the apostle paul meet jesus,210,20,Did Paul meet Jesus,/questions/#did-paul-meet-jesus; journal entry /journal/2026/10/did-paul-ever-meet-jesus/,,yes
gospel of paul,210,23,Writings and teaching,/questions/#what-books-did-paul-write and #what-did-paul-teach,,
history of the name paul,210,29,Name and meaning,/questions/#what-does-the-name-paul-mean,,
how did saul become paul,210,32,Conversion and Damascus road,"/questions/#are-saul-and-paul-the-same-person, #did-paul-kill-christians, #what-happened-on-the-road-to-damascus",,yes
how does paul in the bible die,210,42,Death and martyrdom,/questions/#how-did-paul-die; /the-charges/a-death-the-scriptures-never-record/,,yes
how many sauls in the bible,210,16,Conversion and Damascus road,"/questions/#are-saul-and-paul-the-same-person, #did-paul-kill-christians, #what-happened-on-the-road-to-damascus",,yes
how old was apostle paul when he died,210,40,Death and martyrdom,/questions/#how-did-paul-die; /the-charges/a-death-the-scriptures-never-record/,,yes
how old was paul in the bible when he died,210,34,Death and martyrdom,/questions/#how-did-paul-die; /the-charges/a-death-the-scriptures-never-record/,,yes
how paul died,210,35,Death and martyrdom,/questions/#how-did-paul-die; /the-charges/a-death-the-scriptures-never-record/,,yes
how was the apostle paul killed,210,44,Death and martyrdom,/questions/#how-did-paul-die; /the-charges/a-death-the-scriptures-never-record/,,yes
is paul a prophet,210,17,Biography and general questions,/questions/#who-was-paul and the question headings above,,yes
is paul and saul the same person,210,34,Conversion and Damascus road,"/questions/#are-saul-and-paul-the-same-person, #did-paul-kill-christians, #what-happened-on-the-road-to-damascus",,yes
is paul in the chosen,210,36,Disciple or apostle status,/questions/#was-paul-one-of-the-twelve and #who-taught-paul,,yes
new testament paul,210,24,Writings and teaching,/questions/#what-books-did-paul-write and #what-did-paul-teach,,
origin of name paul,210,25,Name and meaning,/questions/#what-does-the-name-paul-mean,,
paul a biography,210,25,Biography and general questions,/questions/#who-was-paul and the question headings above,,
paul biblical,210,38,Biography and general questions,/questions/#who-was-paul and the question headings above,,
paul biography,210,36,Biography and general questions,/questions/#who-was-paul and the question headings above,,
paul christian,210,25,Biography and general questions,/questions/#who-was-paul and the question headings above,,
paul death bible,210,29,Death and martyrdom,/questions/#how-did-paul-die; /the-charges/a-death-the-scriptures-never-record/,,
paul died,210,47,Death and martyrdom,/questions/#how-did-paul-die; /the-charges/a-death-the-scriptures-never-record/,,
paul images,210,23,"Birth, family and background",/questions/#where-and-when-was-paul-born and #was-paul-married,,
paul in greek,210,36,Biography and general questions,/questions/#who-was-paul and the question headings above,,
paul in hebrew,210,30,"Pharisee, Jew and Roman citizen",/questions/#was-paul-a-jew-and-a-pharisee and #was-paul-a-roman-citizen,,
paul new testament,210,31,Writings and teaching,/questions/#what-books-did-paul-write and #what-did-paul-teach,,
paul story in the bible,210,33,Biography and general questions,/questions/#who-was-paul and the question headings above,,
paul the apostle of christ,210,46,Biography and general questions,/questions/#who-was-paul and the question headings above,,
paul the christian,210,30,Biography and general questions,/questions/#who-was-paul and the question headings above,,
paul with jesus,210,30,Did Paul meet Jesus,/questions/#did-paul-meet-jesus; journal entry /journal/2026/10/did-paul-ever-meet-jesus/,,
paul's story in the bible,210,29,Biography and general questions,/questions/#who-was-paul and the question headings above,,
paul.,210,51,Biography and general questions,/questions/#who-was-paul and the question headings above,,
pauls death,210,29,Death and martyrdom,/questions/#how-did-paul-die; /the-charges/a-death-the-scriptures-never-record/,,
pictures of paul,210,24,Biography and general questions,/questions/#who-was-paul and the question headings above,,
saint pau,210,51,Biography and general questions,/questions/#who-was-paul and the question headings above,,
saint paul and peter,210,26,Journeys and ministry,/questions/#how-many-times-was-paul-arrested and #why-was-paul-important-to-christianity,,
saint pual,210,30,Biography and general questions,/questions/#who-was-paul and the question headings above,,
saintpaul,210,80,Head terms (the subject itself),"Front page, /the-man/ and the site title (Paul of Tarsus, Apostle of Doom)",,
saul is paul,210,35,Conversion and Damascus road,"/questions/#are-saul-and-paul-the-same-person, #did-paul-kill-christians, #what-happened-on-the-road-to-damascus",,
saul of tarsus in the bible,210,43,Conversion and Damascus road,"/questions/#are-saul-and-paul-the-same-person, #did-paul-kill-christians, #what-happened-on-the-road-to-damascus",,
saul paul in the bible,210,32,Conversion and Damascus road,"/questions/#are-saul-and-paul-the-same-person, #did-paul-kill-christians, #what-happened-on-the-road-to-damascus",,
saul vs paul,210,35,Conversion and Damascus road,"/questions/#are-saul-and-paul-the-same-person, #did-paul-kill-christians, #what-happened-on-the-road-to-damascus",,
st paul symbol,210,17,Biography and general questions,/questions/#who-was-paul and the question headings above,,
st paul symbols,210,16,Biography and general questions,/questions/#who-was-paul and the question headings above,,
st pual,210,55,Biography and general questions,/questions/#who-was-paul and the question headings above,,
story of paul in the bible summary,210,28,Biography and general questions,/questions/#who-was-paul and the question headings above,,
the apostle of the gentiles,210,14,Journeys and ministry,/questions/#how-many-times-was-paul-arrested and #why-was-paul-important-to-christianity,,
the history of paul,210,44,Biography and general questions,/questions/#who-was-paul and the question headings above,,
the story of paul,210,40,Biography and general questions,/questions/#who-was-paul and the question headings above,,
the story of saul to paul in the bible,210,25,Conversion and Damascus road,"/questions/#are-saul-and-paul-the-same-person, #did-paul-kill-christians, #what-happened-on-the-road-to-damascus",,
was paul,210,32,Biography and general questions,/questions/#who-was-paul and the question headings above,,yes
was paul a member of the sanhedrin,210,10,Biography and general questions,/questions/#who-was-paul and the question headings above,,yes
what did the apostle paul look like,210,5,"Birth, family and background",/questions/#where-and-when-was-paul-born and #was-paul-married,,yes
what happened to the apostle paul,210,26,Biography and general questions,/questions/#who-was-paul and the question headings above,,yes
when and how did the apostle paul die,210,33,Death and martyrdom,/questions/#how-did-paul-die; /the-charges/a-death-the-scriptures-never-record/,,yes
when did apostle paul die,210,35,Death and martyrdom,/questions/#how-did-paul-die; /the-charges/a-death-the-scriptures-never-record/,,yes
when did paul come out,210,29,Biography and general questions,/questions/#who-was-paul and the question headings above,,yes
when did paul in the bible die,210,43,Death and martyrdom,/questions/#how-did-paul-die; /the-charges/a-death-the-scriptures-never-record/,,yes
when was saint paul born,210,21,"Birth, family and background",/questions/#where-and-when-was-paul-born and #was-paul-married,,yes
where did paul die,210,43,Death and martyrdom,/questions/#how-did-paul-die; /the-charges/a-death-the-scriptures-never-record/,,yes
where is saint paul located,210,54,Biography and general questions,/questions/#who-was-paul and the question headings above,,yes
where is st pauls,210,32,Biography and general questions,/questions/#who-was-paul and the question headings above,,yes
where paul was born,210,32,"Birth, family and background",/questions/#where-and-when-was-paul-born and #was-paul-married,,yes
where was paul from,210,39,"Birth, family and background",/questions/#where-and-when-was-paul-born and #was-paul-married,,yes
who was apostle paul,210,40,Biography and general questions,/questions/#who-was-paul and the question headings above,,yes
who was saul of tarsus,210,25,Conversion and Damascus road,"/questions/#are-saul-and-paul-the-same-person, #did-paul-kill-christians, #what-happened-on-the-road-to-damascus",,yes
who was the apostle,210,42,Biography and general questions,/questions/#who-was-paul and the question headings above,,yes
why was paul beheaded,210,30,Death and martyrdom,/questions/#how-did-paul-die; /the-charges/a-death-the-scriptures-never-record/,,yes
apostle paul educational background,170,32,"Birth, family and background",/questions/#where-and-when-was-paul-born and #was-paul-married,,
apostle paul from the bible,170,31,Biography and general questions,/questions/#who-was-paul and the question headings above,,
apostle paul images,170,24,"Birth, family and background",/questions/#where-and-when-was-paul-born and #was-paul-married,,
bible book of paul,170,41,Writings and teaching,/questions/#what-books-did-paul-write and #what-did-paul-teach,,
bible books by paul,170,36,Writings and teaching,/questions/#what-books-did-paul-write and #what-did-paul-teach,,
biblical story of saul,170,27,Conversion and Damascus road,"/questions/#are-saul-and-paul-the-same-person, #did-paul-kill-christians, #what-happened-on-the-road-to-damascus",,
death of paul in bible,170,28,Death and martyrdom,/questions/#how-did-paul-die; /the-charges/a-death-the-scriptures-never-record/,,
does paul die,170,38,Death and martyrdom,/questions/#how-did-paul-die; /the-charges/a-death-the-scriptures-never-record/,,yes
founder of christanity,170,17,Founder of Christianity,/questions/#did-paul-found-christianity and #why-was-paul-important-to-christianity,,
how apostle paul died,170,36,Death and martyrdom,/questions/#how-did-paul-die; /the-charges/a-death-the-scriptures-never-record/,,yes
how did paul died,170,30,Death and martyrdom,/questions/#how-did-paul-die; /the-charges/a-death-the-scriptures-never-record/,,yes
how long was paul's ministry,170,25,Journeys and ministry,/questions/#how-many-times-was-paul-arrested and #why-was-paul-important-to-christianity,,yes
how old was paul the apostle when he died,170,25,Death and martyrdom,/questions/#how-did-paul-die; /the-charges/a-death-the-scriptures-never-record/,,yes
how old was paul when jesus was crucified,170,32,Death and martyrdom,/questions/#how-did-paul-die; /the-charges/a-death-the-scriptures-never-record/,,yes
how was apostle paul killed,170,39,Death and martyrdom,/questions/#how-did-paul-die; /the-charges/a-death-the-scriptures-never-record/,,yes
how was paul in the bible killed,170,30,Death and martyrdom,/questions/#how-did-paul-die; /the-charges/a-death-the-scriptures-never-record/,,yes
images of paul,170,24,"Birth, family and background",/questions/#where-and-when-was-paul-born and #was-paul-married,,
is paul a disciple,170,25,Disciple or apostle status,/questions/#was-paul-one-of-the-twelve and #who-taught-paul,,yes
jesus and paul,170,27,Biography and general questions,/questions/#who-was-paul and the question headings above,,
meaning of paul in bible,170,29,Name and meaning,/questions/#what-does-the-name-paul-mean,,
meaning of saul and paul,170,33,Conversion and Damascus road,"/questions/#are-saul-and-paul-the-same-person, #did-paul-kill-christians, #what-happened-on-the-road-to-damascus",,
paul a pharisee,170,21,"Pharisee, Jew and Roman citizen",/questions/#was-paul-a-jew-and-a-pharisee and #was-paul-a-roman-citizen,,
paul and,170,49,Biography and general questions,/questions/#who-was-paul and the question headings above,,
paul and saul in the bible,170,32,Conversion and Damascus road,"/questions/#are-saul-and-paul-the-same-person, #did-paul-kill-christians, #what-happened-on-the-road-to-damascus",,
paul at malta,170,26,Journeys and ministry,/questions/#how-many-times-was-paul-arrested and #why-was-paul-important-to-christianity,,
paul bible meaning,170,31,Name and meaning,/questions/#what-does-the-name-paul-mean,,
paul church,170,62,Biography and general questions,/questions/#who-was-paul and the question headings above,,
paul l,170,48,Biography and general questions,/questions/#who-was-paul and the question headings above,,
paul on the bible,170,32,Biography and general questions,/questions/#who-was-paul and the question headings above,,
paul persecuted christians,170,15,Biography and general questions,/questions/#who-was-paul and the question headings above,,
paul pharisee,170,28,"Pharisee, Jew and Roman citizen",/questions/#was-paul-a-jew-and-a-pharisee and #was-paul-a-roman-citizen,,
paul preaching,170,25,Journeys and ministry,/questions/#how-many-times-was-paul-arrested and #why-was-paul-important-to-christianity,,
paul s,170,30,Biography and general questions,/questions/#who-was-paul and the question headings above,,
paul st,170,40,Biography and general questions,/questions/#who-was-paul and the question headings above,,
paul the book,170,15,Writings and teaching,/questions/#what-books-did-paul-write and #what-did-paul-teach,,
paul the tarsus,170,33,Biography and general questions,/questions/#who-was-paul and the question headings above,,
paul was,170,35,Biography and general questions,/questions/#who-was-paul and the question headings above,,
paul was a murderer,170,15,Biography and general questions,/questions/#who-was-paul and the question headings above,,
paul was saul,170,37,Conversion and Damascus road,"/questions/#are-saul-and-paul-the-same-person, #did-paul-kill-christians, #what-happened-on-the-road-to-damascus",,
paul's death in bible,170,27,Death and martyrdom,/questions/#how-did-paul-die; /the-charges/a-death-the-scriptures-never-record/,,
pauliste,170,34,Biography and general questions,/questions/#who-was-paul and the question headings above,,
pic of paul,170,24,Biography and general questions,/questions/#who-was-paul and the question headings above,,
picture of apostle paul,170,23,"Birth, family and background",/questions/#where-and-when-was-paul-born and #was-paul-married,,
sain paul,170,,Biography and general questions,/questions/#who-was-paul and the question headings above,,
saint paul facts,170,33,Journeys and ministry,/questions/#how-many-times-was-paul-arrested and #why-was-paul-important-to-christianity,,
saint paul's conversion,170,15,Conversion and Damascus road,"/questions/#are-saul-and-paul-the-same-person, #did-paul-kill-christians, #what-happened-on-the-road-to-damascus",,
saul of tarsis,170,37,Conversion and Damascus road,"/questions/#are-saul-and-paul-the-same-person, #did-paul-kill-christians, #what-happened-on-the-road-to-damascus",,
saul paul of the bible,170,37,Conversion and Damascus road,"/questions/#are-saul-and-paul-the-same-person, #did-paul-kill-christians, #what-happened-on-the-road-to-damascus",,
st pail,170,67,Biography and general questions,/questions/#who-was-paul and the question headings above,,
st paul facts,170,36,Journeys and ministry,/questions/#how-many-times-was-paul-arrested and #why-was-paul-important-to-christianity,,
st paul in the desert,170,40,Biography and general questions,/questions/#who-was-paul and the question headings above,,
st paul's apostle,170,60,Biography and general questions,/questions/#who-was-paul and the question headings above,,
st paul's the apostle,170,60,Biography and general questions,/questions/#who-was-paul and the question headings above,,
st.pauls,170,58,Head terms (the subject itself),"Front page, /the-man/ and the site title (Paul of Tarsus, Apostle of Doom)",,
the conversion of saul to paul,170,28,Conversion and Damascus road,"/questions/#are-saul-and-paul-the-same-person, #did-paul-kill-christians, #what-happened-on-the-road-to-damascus",,
thepaul,170,21,Biography and general questions,/questions/#who-was-paul and the question headings above,,
was paul beheaded,170,29,Death and martyrdom,/questions/#how-did-paul-die; /the-charges/a-death-the-scriptures-never-record/,,yes
was paul one of the twelve apostles,170,23,Disciple or apostle status,/questions/#was-paul-one-of-the-twelve and #who-taught-paul,,yes
was paul roman,170,23,"Pharisee, Jew and Roman citizen",/questions/#was-paul-a-jew-and-a-pharisee and #was-paul-a-roman-citizen,,yes
was paul the apostle married,170,24,"Birth, family and background",/questions/#where-and-when-was-paul-born and #was-paul-married,,yes
was the apostle paul a jew,170,14,"Pharisee, Jew and Roman citizen",/questions/#was-paul-a-jew-and-a-pharisee and #was-paul-a-roman-citizen,,yes
what caused paul to stop persecuting and become a missionary,170,21,Journeys and ministry,/questions/#how-many-times-was-paul-arrested and #why-was-paul-important-to-christianity,,yes
what did paul from the bible look like,170,10,"Birth, family and background",/questions/#where-and-when-was-paul-born and #was-paul-married,,yes
what did paul in the bible look like,170,14,"Birth, family and background",/questions/#where-and-when-was-paul-born and #was-paul-married,,yes
what did paul look like in the bible,170,2,"Birth, family and background",/questions/#where-and-when-was-paul-born and #was-paul-married,,yes
what is saint paul known for,170,32,Biography and general questions,/questions/#who-was-paul and the question headings above,,yes
what is st paul known for,170,47,Biography and general questions,/questions/#who-was-paul and the question headings above,,yes
what language did paul speak,170,11,"Birth, family and background",/questions/#where-and-when-was-paul-born and #was-paul-married,,yes
when and where did paul die,170,40,Death and martyrdom,/questions/#how-did-paul-die; /the-charges/a-death-the-scriptures-never-record/,,yes
when did paul died,170,40,Death and martyrdom,/questions/#how-did-paul-die; /the-charges/a-death-the-scriptures-never-record/,,yes
when did paul died in the bible,170,31,Death and martyrdom,/questions/#how-did-paul-die; /the-charges/a-death-the-scriptures-never-record/,,yes
when did paul live,170,28,Biography and general questions,/questions/#who-was-paul and the question headings above,,yes
when did paul the apostle die,170,35,Death and martyrdom,/questions/#how-did-paul-die; /the-charges/a-death-the-scriptures-never-record/,,yes
when did st paul died,170,39,Death and martyrdom,/questions/#how-did-paul-die; /the-charges/a-death-the-scriptures-never-record/,,yes
when was paul killed,170,33,Death and martyrdom,/questions/#how-did-paul-die; /the-charges/a-death-the-scriptures-never-record/,,yes
when was paul martyred,170,23,Death and martyrdom,/questions/#how-did-paul-die; /the-charges/a-death-the-scriptures-never-record/,,yes
where in the bible is the story of paul,170,31,Biography and general questions,/questions/#who-was-paul and the question headings above,,yes
where was paul when jesus was crucified,170,27,Biography and general questions,/questions/#who-was-paul and the question headings above,,yes
who is paul the apostle,170,43,Biography and general questions,/questions/#who-was-paul and the question headings above,,yes
who killed paul,170,38,Death and martyrdom,/questions/#how-did-paul-die; /the-charges/a-death-the-scriptures-never-record/,,yes
who was an apostle in the bible,170,19,Biography and general questions,/questions/#who-was-paul and the question headings above,,yes
who was saul in the bible before he became paul,170,39,Conversion and Damascus road,"/questions/#are-saul-and-paul-the-same-person, #did-paul-kill-christians, #what-happened-on-the-road-to-damascus",,yes
why was paul executed,170,30,Death and martyrdom,/questions/#how-did-paul-die; /the-charges/a-death-the-scriptures-never-record/,,yes
apostile paul,140,36,Biography and general questions,/questions/#who-was-paul and the question headings above,,
apostle paul photos,140,24,"Birth, family and background",/questions/#where-and-when-was-paul-born and #was-paul-married,,
apostle paul pics,140,24,Biography and general questions,/questions/#who-was-paul and the question headings above,,
apostle paul was married,140,19,"Birth, family and background",/questions/#where-and-when-was-paul-born and #was-paul-married,,
biblical meaning of name paul,140,25,Name and meaning,/questions/#what-does-the-name-paul-mean,,
biblical meaning of the name paul,140,26,Name and meaning,/questions/#what-does-the-name-paul-mean,,
born 1210 changed name after conversion,140,28,Conversion and Damascus road,"/questions/#are-saul-and-paul-the-same-person, #did-paul-kill-christians, #what-happened-on-the-road-to-damascus",,
br paul,140,48,Biography and general questions,/questions/#who-was-paul and the question headings above,,
death of paul the apostle,140,29,Death and martyrdom,/questions/#how-did-paul-die; /the-charges/a-death-the-scriptures-never-record/,,
definition of paul,140,43,Name and meaning,/questions/#what-does-the-name-paul-mean,,
did paul go to spain,140,29,Biography and general questions,/questions/#who-was-paul and the question headings above,,yes
did paul have a wife,140,28,"Birth, family and background",/questions/#where-and-when-was-paul-born and #was-paul-married,,yes
did paul persecute christians,140,26,Biography and general questions,/questions/#who-was-paul and the question headings above,,yes
did st paul meet jesus,140,34,Did Paul meet Jesus,/questions/#did-paul-meet-jesus; journal entry /journal/2026/10/did-paul-ever-meet-jesus/,,yes
did the apostle paul ever meet jesus,140,19,Did Paul meet Jesus,/questions/#did-paul-meet-jesus; journal entry /journal/2026/10/did-paul-ever-meet-jesus/,,yes
does paul,140,45,Biography and general questions,/questions/#who-was-paul and the question headings above,,yes
founder of cristianity,140,17,Founder of Christianity,/questions/#did-paul-found-christianity and #why-was-paul-important-to-christianity,,
how did paul in bible die,140,31,Death and martyrdom,/questions/#how-did-paul-die; /the-charges/a-death-the-scriptures-never-record/,,yes
how did paul's work help to spread christianity,140,27,Founder of Christianity,/questions/#did-paul-found-christianity and #why-was-paul-important-to-christianity,,yes
how is the founder of christianity,140,18,Founder of Christianity,/questions/#did-paul-found-christianity and #why-was-paul-important-to-christianity,,yes
how old was paul,140,19,"Birth, family and background",/questions/#where-and-when-was-paul-born and #was-paul-married,,yes
how paul died bible,140,38,Death and martyrdom,/questions/#how-did-paul-die; /the-charges/a-death-the-scriptures-never-record/,,yes
how the apostle paul died,140,35,Death and martyrdom,/questions/#how-did-paul-die; /the-charges/a-death-the-scriptures-never-record/,,yes
how was paul martyred,140,38,Death and martyrdom,/questions/#how-did-paul-die; /the-charges/a-death-the-scriptures-never-record/,,yes
image saint paul,140,23,"Birth, family and background",/questions/#where-and-when-was-paul-born and #was-paul-married,,
in the bible how did paul die,140,28,Death and martyrdom,/questions/#how-did-paul-die; /the-charges/a-death-the-scriptures-never-record/,,
is saul and paul the same person,140,33,Conversion and Damascus road,"/questions/#are-saul-and-paul-the-same-person, #did-paul-kill-christians, #what-happened-on-the-road-to-damascus",,yes
is saul paul,140,34,Conversion and Damascus road,"/questions/#are-saul-and-paul-the-same-person, #did-paul-kill-christians, #what-happened-on-the-road-to-damascus",,yes
jesus versus paul,140,10,Biography and general questions,/questions/#who-was-paul and the question headings above,,
meaning of the name paul in the bible,140,23,Name and meaning,/questions/#what-does-the-name-paul-mean,,
name of paul,140,33,Biography and general questions,/questions/#who-was-paul and the question headings above,,
opaul,140,27,Biography and general questions,/questions/#who-was-paul and the question headings above,,
pail and,140,71,Biography and general questions,/questions/#who-was-paul and the question headings above,,
paul and rome,140,7,"Pharisee, Jew and Roman citizen",/questions/#was-paul-a-jew-and-a-pharisee and #was-paul-a-roman-citizen,,
paul and saul bible,140,33,Conversion and Damascus road,"/questions/#are-saul-and-paul-the-same-person, #did-paul-kill-christians, #what-happened-on-the-road-to-damascus",,
paul apocalypse,140,33,Biography and general questions,/questions/#who-was-paul and the question headings above,,
paul apostles,140,32,Biography and general questions,/questions/#who-was-paul and the question headings above,,
paul b huff,140,58,Biography and general questions,/questions/#who-was-paul and the question headings above,,
paul beheaded,140,24,Death and martyrdom,/questions/#how-did-paul-die; /the-charges/a-death-the-scriptures-never-record/,,
paul biblical name meaning,140,18,Name and meaning,/questions/#what-does-the-name-paul-mean,,
paul christ,140,52,Biography and general questions,/questions/#who-was-paul and the question headings above,,
paul d'orazio,140,57,Biography and general questions,/questions/#who-was-paul and the question headings above,,
paul desert,140,25,Biography and general questions,/questions/#who-was-paul and the question headings above,,
paul discipleship,140,0,Disciple or apostle status,/questions/#was-paul-one-of-the-twelve and #who-taught-paul,,
paul executed,140,34,Death and martyrdom,/questions/#how-did-paul-die; /the-charges/a-death-the-scriptures-never-record/,,
paul execution,140,21,Death and martyrdom,/questions/#how-did-paul-die; /the-charges/a-death-the-scriptures-never-record/,,
paul from the bible story,140,23,Biography and general questions,/questions/#who-was-paul and the question headings above,,
paul from the new testament,140,33,Writings and teaching,/questions/#what-books-did-paul-write and #what-did-paul-teach,,
paul in bible death,140,30,Death and martyrdom,/questions/#how-did-paul-die; /the-charges/a-death-the-scriptures-never-record/,,
paul in new testament,140,34,Writings and teaching,/questions/#what-books-did-paul-write and #what-did-paul-teach,,
paul in romans,140,32,"Pharisee, Jew and Roman citizen",/questions/#was-paul-a-jew-and-a-pharisee and #was-paul-a-roman-citizen,,
paul meaning in the bible,140,21,Name and meaning,/questions/#what-does-the-name-paul-mean,,
paul met jesus,140,19,Did Paul meet Jesus,/questions/#did-paul-meet-jesus; journal entry /journal/2026/10/did-paul-ever-meet-jesus/,,
paul name meaning bible,140,23,Name and meaning,/questions/#what-does-the-name-paul-mean,,
paul pharisee of pharisees,140,22,"Pharisee, Jew and Roman citizen",/questions/#was-paul-a-jew-and-a-pharisee and #was-paul-a-roman-citizen,,
paul sint,140,49,Biography and general questions,/questions/#who-was-paul and the question headings above,,
paul story in bible,140,41,Biography and general questions,/questions/#who-was-paul and the question headings above,,
paul the,140,62,Biography and general questions,/questions/#who-was-paul and the question headings above,,
paul the apostle 2000,140,29,Biography and general questions,/questions/#who-was-paul and the question headings above,,
paul travels,140,27,Journeys and ministry,/questions/#how-many-times-was-paul-arrested and #why-was-paul-important-to-christianity,,
paul yu,140,60,Biography and general questions,/questions/#who-was-paul and the question headings above,,
paul's bible,140,29,Biography and general questions,/questions/#who-was-paul and the question headings above,,
paul's gospel,140,27,Writings and teaching,/questions/#what-books-did-paul-write and #what-did-paul-teach,,
pic paul,140,30,Biography and general questions,/questions/#who-was-paul and the question headings above,,
pictures of st paul,140,27,Biography and general questions,/questions/#who-was-paul and the question headings above,,
saint paul symbols,140,18,Biography and general questions,/questions/#who-was-paul and the question headings above,,
saitn paul,140,49,Biography and general questions,/questions/#who-was-paul and the question headings above,,
saul in acts,140,24,Conversion and Damascus road,"/questions/#are-saul-and-paul-the-same-person, #did-paul-kill-christians, #what-happened-on-the-road-to-damascus",,
saul in the book of acts,140,17,Conversion and Damascus road,"/questions/#are-saul-and-paul-the-same-person, #did-paul-kill-christians, #what-happened-on-the-road-to-damascus",,
saul new testament,140,35,Conversion and Damascus road,"/questions/#are-saul-and-paul-the-same-person, #did-paul-kill-christians, #what-happened-on-the-road-to-damascus",,
saul who became paul,140,27,Conversion and Damascus road,"/questions/#are-saul-and-paul-the-same-person, #did-paul-kill-christians, #what-happened-on-the-road-to-damascus",,
society of saint paul,140,14,Biography and general questions,/questions/#who-was-paul and the question headings above,,
st paul bible,140,24,Head terms (the subject itself),"Front page, /the-man/ and the site title (Paul of Tarsus, Apostle of Doom)",,
st paul christian church,140,53,Biography and general questions,/questions/#who-was-paul and the question headings above,,
st paul convert,140,20,Biography and general questions,/questions/#who-was-paul and the question headings above,,
st paul iconography,140,31,Biography and general questions,/questions/#who-was-paul and the question headings above,,
st paul missionary,140,48,Journeys and ministry,/questions/#how-many-times-was-paul-arrested and #why-was-paul-important-to-christianity,,
st paul picture,140,24,Biography and general questions,/questions/#who-was-paul and the question headings above,,
st paul's christian church,140,54,Biography and general questions,/questions/#who-was-paul and the question headings above,,
st puals,140,57,Biography and general questions,/questions/#who-was-paul and the question headings above,,
st. pau,140,53,Biography and general questions,/questions/#who-was-paul and the question headings above,,
story of saint paul,140,35,Biography and general questions,/questions/#who-was-paul and the question headings above,,
story of saul in bible,140,30,Conversion and Damascus road,"/questions/#are-saul-and-paul-the-same-person, #did-paul-kill-christians, #what-happened-on-the-road-to-damascus",,
the last apostle,140,29,Disciple or apostle status,/questions/#was-paul-one-of-the-twelve and #who-taught-paul,,
the life of paul the apostle,140,33,Biography and general questions,/questions/#who-was-paul and the question headings above,,
the story of saul,140,36,Conversion and Damascus road,"/questions/#are-saul-and-paul-the-same-person, #did-paul-kill-christians, #what-happened-on-the-road-to-damascus",,
the story of saul paul in the bible,140,40,Conversion and Damascus road,"/questions/#are-saul-and-paul-the-same-person, #did-paul-kill-christians, #what-happened-on-the-road-to-damascus",,
was apostle paul a jew,140,19,"Pharisee, Jew and Roman citizen",/questions/#was-paul-a-jew-and-a-pharisee and #was-paul-a-roman-citizen,,yes
was apostle paul a roman,140,30,"Pharisee, Jew and Roman citizen",/questions/#was-paul-a-jew-and-a-pharisee and #was-paul-a-roman-citizen,,yes
was apostle paul jewish,140,16,"Pharisee, Jew and Roman citizen",/questions/#was-paul-a-jew-and-a-pharisee and #was-paul-a-roman-citizen,,yes
was paul a jew or a roman,140,13,"Pharisee, Jew and Roman citizen",/questions/#was-paul-a-jew-and-a-pharisee and #was-paul-a-roman-citizen,,yes
was paul ever married,140,27,"Birth, family and background",/questions/#where-and-when-was-paul-born and #was-paul-married,,yes
was paul martyred,140,25,Death and martyrdom,/questions/#how-did-paul-die; /the-charges/a-death-the-scriptures-never-record/,,yes
was st paul a jew,140,15,"Pharisee, Jew and Roman citizen",/questions/#was-paul-a-jew-and-a-pharisee and #was-paul-a-roman-citizen,,yes
was st paul an apostle,140,31,Biography and general questions,/questions/#who-was-paul and the question headings above,,yes
what did paul do,140,45,Biography and general questions,/questions/#who-was-paul and the question headings above,,yes
what did paul in the bible do,140,35,Biography and general questions,/questions/#who-was-paul and the question headings above,,yes
what does paul mean in hebrew,140,29,Name and meaning,/questions/#what-does-the-name-paul-mean,,yes
what is a paul,140,26,Biography and general questions,/questions/#who-was-paul and the question headings above,,yes
what is the founder of christianity,140,4,Founder of Christianity,/questions/#did-paul-found-christianity and #why-was-paul-important-to-christianity,,yes
what year did paul die,140,36,Death and martyrdom,/questions/#how-did-paul-die; /the-charges/a-death-the-scriptures-never-record/,,yes
when did st paul live,140,22,Biography and general questions,/questions/#who-was-paul and the question headings above,,yes
when was paul converted,140,20,Conversion and Damascus road,"/questions/#are-saul-and-paul-the-same-person, #did-paul-kill-christians, #what-happened-on-the-road-to-damascus",,yes
when was paul the apostle born,140,29,"Birth, family and background",/questions/#where-and-when-was-paul-born and #was-paul-married,,yes
when was the apostle paul born,140,20,"Birth, family and background",/questions/#where-and-when-was-paul-born and #was-paul-married,,yes
where can i read about paul in the bible,140,28,Biography and general questions,/questions/#who-was-paul and the question headings above,,yes
where is the story of paul in the bible,140,26,Biography and general questions,/questions/#who-was-paul and the question headings above,,yes
where was saint paul born,140,20,"Birth, family and background",/questions/#where-and-when-was-paul-born and #was-paul-married,,yes
where was saul from,140,31,Conversion and Damascus road,"/questions/#are-saul-and-paul-the-same-person, #did-paul-kill-christians, #what-happened-on-the-road-to-damascus",,yes
where was st paul born,140,21,"Birth, family and background",/questions/#where-and-when-was-paul-born and #was-paul-married,,yes
who baptised paul,140,14,Biography and general questions,/questions/#who-was-paul and the question headings above,,yes
who is apostle paul in the bible,140,49,Biography and general questions,/questions/#who-was-paul and the question headings above,,yes
who was paul of tarsus,140,39,Biography and general questions,/questions/#who-was-paul and the question headings above,,yes
who was the apostle to the gentiles,140,20,Journeys and ministry,/questions/#how-many-times-was-paul-arrested and #why-was-paul-important-to-christianity,,yes
who's the founder of christianity,140,23,Founder of Christianity,/questions/#did-paul-found-christianity and #why-was-paul-important-to-christianity,,yes
10 facts about st paul,110,21,Journeys and ministry,/questions/#how-many-times-was-paul-arrested and #why-was-paul-important-to-christianity,,
5 facts about paul,110,32,Journeys and ministry,/questions/#how-many-times-was-paul-arrested and #why-was-paul-important-to-christianity,,
acts paul,110,36,Journeys and ministry,/questions/#how-many-times-was-paul-arrested and #why-was-paul-important-to-christianity,,
and paul,110,47,Biography and general questions,/questions/#who-was-paul and the question headings above,,
apostle paul biography,110,40,Biography and general questions,/questions/#who-was-paul and the question headings above,,
apostle paul education background,110,23,"Birth, family and background",/questions/#where-and-when-was-paul-born and #was-paul-married,,
apostle paul in the chosen,110,29,Disciple or apostle status,/questions/#was-paul-one-of-the-twelve and #who-taught-paul,,
apostle paul life story,110,51,Biography and general questions,/questions/#who-was-paul and the question headings above,,
apostole paul,110,44,Disciple or apostle status,/questions/#was-paul-one-of-the-twelve and #who-taught-paul,,
bible story saul,110,33,Conversion and Damascus road,"/questions/#are-saul-and-paul-the-same-person, #did-paul-kill-christians, #what-happened-on-the-road-to-damascus",,
bible tarsus,110,25,Biography and general questions,/questions/#who-was-paul and the question headings above,,
book paul the apostle,110,16,Writings and teaching,/questions/#what-books-did-paul-write and #what-did-paul-teach,,
books about paul the apostle,110,9,Writings and teaching,/questions/#what-books-did-paul-write and #what-did-paul-teach,,
books on the apostle paul,110,5,Writings and teaching,/questions/#what-books-did-paul-write and #what-did-paul-teach,,
death of apostle paul,110,32,Death and martyrdom,/questions/#how-did-paul-die; /the-charges/a-death-the-scriptures-never-record/,,
death of paul bible,110,28,Death and martyrdom,/questions/#how-did-paul-die; /the-charges/a-death-the-scriptures-never-record/,,
death of st paul,110,37,Death and martyrdom,/questions/#how-did-paul-die; /the-charges/a-death-the-scriptures-never-record/,,
did paul kill christians in the bible,110,16,Death and martyrdom,/questions/#how-did-paul-die; /the-charges/a-death-the-scriptures-never-record/,,yes
did paul killed christians,110,21,Death and martyrdom,/questions/#how-did-paul-die; /the-charges/a-death-the-scriptures-never-record/,,yes
did paul make it to spain,110,19,Biography and general questions,/questions/#who-was-paul and the question headings above,,yes
did paul the apostle meet jesus,110,16,Did Paul meet Jesus,/questions/#did-paul-meet-jesus; journal entry /journal/2026/10/did-paul-ever-meet-jesus/,,yes
did saint paul meet jesus,110,17,Did Paul meet Jesus,/questions/#did-paul-meet-jesus; journal entry /journal/2026/10/did-paul-ever-meet-jesus/,,yes
execution of apostle paul,110,32,Death and martyrdom,/questions/#how-did-paul-die; /the-charges/a-death-the-scriptures-never-record/,,
facts about paul in the bible,110,28,Journeys and ministry,/questions/#how-many-times-was-paul-arrested and #why-was-paul-important-to-christianity,,
facts about st paul,110,21,Journeys and ministry,/questions/#how-many-times-was-paul-arrested and #why-was-paul-important-to-christianity,,
god paul,110,16,Biography and general questions,/questions/#who-was-paul and the question headings above,,
how and when did the apostle paul die,110,43,Death and martyrdom,/questions/#how-did-paul-die; /the-charges/a-death-the-scriptures-never-record/,,yes
how did apostle paul died,110,32,Death and martyrdom,/questions/#how-did-paul-die; /the-charges/a-death-the-scriptures-never-record/,,yes
how did paul,110,31,Biography and general questions,/questions/#who-was-paul and the question headings above,,yes
how did paul become a roman citizen,110,18,"Pharisee, Jew and Roman citizen",/questions/#was-paul-a-jew-and-a-pharisee and #was-paul-a-roman-citizen,,yes
how did the apostle paul die in the bible,110,34,Death and martyrdom,/questions/#how-did-paul-die; /the-charges/a-death-the-scriptures-never-record/,,yes
how long was paul in arabia,110,25,Biography and general questions,/questions/#who-was-paul and the question headings above,,yes
how long was paul in ephesus,110,11,Journeys and ministry,/questions/#how-many-times-was-paul-arrested and #why-was-paul-important-to-christianity,,yes
how many christians did saul kill,110,18,Death and martyrdom,/questions/#how-did-paul-die; /the-charges/a-death-the-scriptures-never-record/,,yes
how many churches did paul start,110,14,Biography and general questions,/questions/#who-was-paul and the question headings above,,yes
how old was paul when jesus died,110,36,Death and martyrdom,/questions/#how-did-paul-die; /the-charges/a-death-the-scriptures-never-record/,,yes
how old was st paul when he died,110,38,Death and martyrdom,/questions/#how-did-paul-die; /the-charges/a-death-the-scriptures-never-record/,,yes
how was paul the apostle killed,110,41,Death and martyrdom,/questions/#how-did-paul-die; /the-charges/a-death-the-scriptures-never-record/,,yes
how was the founder of christianity,110,38,Founder of Christianity,/questions/#did-paul-found-christianity and #why-was-paul-important-to-christianity,,yes
images of paul the apostle,110,22,"Birth, family and background",/questions/#where-and-when-was-paul-born and #was-paul-married,,
life of paul,110,33,Biography and general questions,/questions/#who-was-paul and the question headings above,,
life of paul the apostle,110,25,Biography and general questions,/questions/#who-was-paul and the question headings above,,
oaul,110,62,Biography and general questions,/questions/#who-was-paul and the question headings above,,
paukl,110,48,Biography and general questions,/questions/#who-was-paul and the question headings above,,
paul a roman citizen,110,26,"Pharisee, Jew and Roman citizen",/questions/#was-paul-a-jew-and-a-pharisee and #was-paul-a-roman-citizen,,
paul age,110,48,"Birth, family and background",/questions/#where-and-when-was-paul-born and #was-paul-married,,
paul and christ,110,28,Biography and general questions,/questions/#who-was-paul and the question headings above,,
paul arabic,110,33,Biography and general questions,/questions/#who-was-paul and the question headings above,,
paul baldwin,110,50,Biography and general questions,/questions/#who-was-paul and the question headings above,,
paul canfield,110,63,Biography and general questions,/questions/#who-was-paul and the question headings above,,
paul dano okja,110,58,Biography and general questions,/questions/#who-was-paul and the question headings above,,
paul died bible,110,28,Death and martyrdom,/questions/#how-did-paul-die; /the-charges/a-death-the-scriptures-never-record/,,
paul ephesus,110,25,Journeys and ministry,/questions/#how-many-times-was-paul-arrested and #why-was-paul-important-to-christianity,,
paul family name,110,15,"Birth, family and background",/questions/#where-and-when-was-paul-born and #was-paul-married,,
paul france,110,30,Biography and general questions,/questions/#who-was-paul and the question headings above,,
paul frank pillow,110,53,Biography and general questions,/questions/#who-was-paul and the question headings above,,
paul from bible facts,110,27,Journeys and ministry,/questions/#how-many-times-was-paul-arrested and #why-was-paul-important-to-christianity,,
paul gilbert wroc,110,67,Biography and general questions,/questions/#who-was-paul and the question headings above,,
paul hebrew,110,26,"Pharisee, Jew and Roman citizen",/questions/#was-paul-a-jew-and-a-pharisee and #was-paul-a-roman-citizen,,
paul in italy,110,0,Biography and general questions,/questions/#who-was-paul and the question headings above,,
paul in the bible facts,110,38,Journeys and ministry,/questions/#how-many-times-was-paul-arrested and #why-was-paul-important-to-christianity,,
paul killed christians,110,16,Death and martyrdom,/questions/#how-did-paul-die; /the-charges/a-death-the-scriptures-never-record/,,
paul means in hebrew,110,18,"Pharisee, Jew and Roman citizen",/questions/#was-paul-a-jew-and-a-pharisee and #was-paul-a-roman-citizen,,
paul minister,110,17,Biography and general questions,/questions/#who-was-paul and the question headings above,,
paul of the bible death,110,38,Death and martyrdom,/questions/#how-did-paul-die; /the-charges/a-death-the-scriptures-never-record/,,
paul online,110,35,Biography and general questions,/questions/#who-was-paul and the question headings above,,
paul preacher,110,53,Journeys and ministry,/questions/#how-many-times-was-paul-arrested and #why-was-paul-important-to-christianity,,
paul preaches,110,18,Journeys and ministry,/questions/#how-many-times-was-paul-arrested and #why-was-paul-important-to-christianity,,
paul said,110,10,Biography and general questions,/questions/#who-was-paul and the question headings above,,
paul saul bible,110,35,Conversion and Damascus road,"/questions/#are-saul-and-paul-the-same-person, #did-paul-kill-christians, #what-happened-on-the-road-to-damascus",,
paul saul from the bible,110,25,Conversion and Damascus road,"/questions/#are-saul-and-paul-the-same-person, #did-paul-kill-christians, #what-happened-on-the-road-to-damascus",,
paul saul in the bible,110,23,Conversion and Damascus road,"/questions/#are-saul-and-paul-the-same-person, #did-paul-kill-christians, #what-happened-on-the-road-to-damascus",,
paul saw,110,35,Biography and general questions,/questions/#who-was-paul and the question headings above,,
paul th,110,35,Biography and general questions,/questions/#who-was-paul and the question headings above,,
paul the apostle died,110,42,Death and martyrdom,/questions/#how-did-paul-die; /the-charges/a-death-the-scriptures-never-record/,,
paul the apostle images,110,21,"Birth, family and background",/questions/#where-and-when-was-paul-born and #was-paul-married,,
paul the baptist,110,40,Biography and general questions,/questions/#who-was-paul and the question headings above,,
paul the bible,110,38,Biography and general questions,/questions/#who-was-paul and the question headings above,,
paul the fish,110,26,Biography and general questions,/questions/#who-was-paul and the question headings above,,
paul's disciples,110,24,Disciple or apostle status,/questions/#was-paul-one-of-the-twelve and #who-taught-paul,,
paul's ministry,110,18,Journeys and ministry,/questions/#how-many-times-was-paul-arrested and #why-was-paul-important-to-christianity,,
paul's preaching,110,9,Journeys and ministry,/questions/#how-many-times-was-paul-arrested and #why-was-paul-important-to-christianity,,
paulst,110,18,Biography and general questions,/questions/#who-was-paul and the question headings above,,
picture of paul the apostle,110,23,"Birth, family and background",/questions/#where-and-when-was-paul-born and #was-paul-married,,
saint paul death,110,47,Death and martyrdom,/questions/#how-did-paul-die; /the-charges/a-death-the-scriptures-never-record/,,
saint paul rome,110,41,"Pharisee, Jew and Roman citizen",/questions/#was-paul-a-jew-and-a-pharisee and #was-paul-a-roman-citizen,,
saint paul saint,110,50,Biography and general questions,/questions/#who-was-paul and the question headings above,,
saul and paul meaning,110,32,Conversion and Damascus road,"/questions/#are-saul-and-paul-the-same-person, #did-paul-kill-christians, #what-happened-on-the-road-to-damascus",,
saul in bible story,110,30,Conversion and Damascus road,"/questions/#are-saul-and-paul-the-same-person, #did-paul-kill-christians, #what-happened-on-the-road-to-damascus",,
saul in the chosen,110,38,Disciple or apostle status,/questions/#was-paul-one-of-the-twelve and #who-taught-paul,,
saul of tarus,110,35,Conversion and Damascus road,"/questions/#are-saul-and-paul-the-same-person, #did-paul-kill-christians, #what-happened-on-the-road-to-damascus",,
saul story in bible,110,25,Conversion and Damascus road,"/questions/#are-saul-and-paul-the-same-person, #did-paul-kill-christians, #what-happened-on-the-road-to-damascus",,
st apostle,110,65,Head terms (the subject itself),"Front page, /the-man/ and the site title (Paul of Tarsus, Apostle of Doom)",,
st paul biography,110,36,Biography and general questions,/questions/#who-was-paul and the question headings above,,
st paul image,110,23,"Birth, family and background",/questions/#where-and-when-was-paul-born and #was-paul-married,,
st paul martyr,110,30,Death and martyrdom,/questions/#how-did-paul-die; /the-charges/a-death-the-scriptures-never-record/,,
st paul sword,110,12,Biography and general questions,/questions/#who-was-paul and the question headings above,,
st paul's bible,110,26,Biography and general questions,/questions/#who-was-paul and the question headings above,,
st saul,110,43,Conversion and Damascus road,"/questions/#are-saul-and-paul-the-same-person, #did-paul-kill-christians, #what-happened-on-the-road-to-damascus",,
st.paul the apostle,110,59,Head terms (the subject itself),"Front page, /the-man/ and the site title (Paul of Tarsus, Apostle of Doom)",,
stain paul,110,49,Biography and general questions,/questions/#who-was-paul and the question headings above,,
story of apostle paul,110,32,Biography and general questions,/questions/#who-was-paul and the question headings above,,
story of paul the apostle,110,40,Biography and general questions,/questions/#who-was-paul and the question headings above,,
story of st paul,110,33,Biography and general questions,/questions/#who-was-paul and the question headings above,,
the death of paul the apostle,110,27,Death and martyrdom,/questions/#how-did-paul-die; /the-charges/a-death-the-scriptures-never-record/,,
the life of paul,110,27,Biography and general questions,/questions/#who-was-paul and the question headings above,,
the life of paul in the bible,110,30,Biography and general questions,/questions/#who-was-paul and the question headings above,,
was paul a jew in the bible,110,18,"Pharisee, Jew and Roman citizen",/questions/#was-paul-a-jew-and-a-pharisee and #was-paul-a-roman-citizen,,yes
was paul a jew or roman,110,21,"Pharisee, Jew and Roman citizen",/questions/#was-paul-a-jew-and-a-pharisee and #was-paul-a-roman-citizen,,yes
was paul a member of sanhedrin,110,10,Biography and general questions,/questions/#who-was-paul and the question headings above,,yes
was paul a pharisee or sadducee,110,13,"Pharisee, Jew and Roman citizen",/questions/#was-paul-a-jew-and-a-pharisee and #was-paul-a-roman-citizen,,yes
was paul a roman soldier,110,9,"Pharisee, Jew and Roman citizen",/questions/#was-paul-a-jew-and-a-pharisee and #was-paul-a-roman-citizen,,yes
was paul a tax collector,110,7,Biography and general questions,/questions/#who-was-paul and the question headings above,,yes
was paul an apostle or disciple,110,22,Disciple or apostle status,/questions/#was-paul-one-of-the-twelve and #who-taught-paul,,yes
was paul blind,110,17,Conversion and Damascus road,"/questions/#are-saul-and-paul-the-same-person, #did-paul-kill-christians, #what-happened-on-the-road-to-damascus",,yes
was paul from the bible a jew,110,17,"Pharisee, Jew and Roman citizen",/questions/#was-paul-a-jew-and-a-pharisee and #was-paul-a-roman-citizen,,yes
was paul in the bible a jew,110,21,"Pharisee, Jew and Roman citizen",/questions/#was-paul-a-jew-and-a-pharisee and #was-paul-a-roman-citizen,,yes
was paul jewish in the bible,110,19,"Pharisee, Jew and Roman citizen",/questions/#was-paul-a-jew-and-a-pharisee and #was-paul-a-roman-citizen,,yes
was paul of the bible a jew,110,15,"Pharisee, Jew and Roman citizen",/questions/#was-paul-a-jew-and-a-pharisee and #was-paul-a-roman-citizen,,yes
was paul saul,110,38,Conversion and Damascus road,"/questions/#are-saul-and-paul-the-same-person, #did-paul-kill-christians, #what-happened-on-the-road-to-damascus",,yes
what book is paul in the bible,110,41,Writings and teaching,/questions/#what-books-did-paul-write and #what-did-paul-teach,,yes
what did saul do,110,23,Conversion and Damascus road,"/questions/#are-saul-and-paul-the-same-person, #did-paul-kill-christians, #what-happened-on-the-road-to-damascus",,yes
what does the name paul mean in the bible,110,23,Name and meaning,/questions/#what-does-the-name-paul-mean,,yes
what happened to paul the apostle,110,26,Biography and general questions,/questions/#who-was-paul and the question headings above,,yes
what is the name paul mean,110,19,Name and meaning,/questions/#what-does-the-name-paul-mean,,yes
what language did paul write in,110,16,"Birth, family and background",/questions/#where-and-when-was-paul-born and #was-paul-married,,yes
what was paul,110,44,Biography and general questions,/questions/#who-was-paul and the question headings above,,yes
what was paul's occupation,110,11,"Birth, family and background",/questions/#where-and-when-was-paul-born and #was-paul-married,,yes
what was paul's original name,110,35,Biography and general questions,/questions/#who-was-paul and the question headings above,,yes
when did paul,110,30,Biography and general questions,/questions/#who-was-paul and the question headings above,,yes
when did saint paul live,110,24,Biography and general questions,/questions/#who-was-paul and the question headings above,,yes
when did the apostle paul live,110,36,Biography and general questions,/questions/#who-was-paul and the question headings above,,yes
when was paul executed,110,23,Death and martyrdom,/questions/#how-did-paul-die; /the-charges/a-death-the-scriptures-never-record/,,yes
where did st paul die,110,37,Death and martyrdom,/questions/#how-did-paul-die; /the-charges/a-death-the-scriptures-never-record/,,yes
where did the apostle paul die,110,36,Death and martyrdom,/questions/#how-did-paul-die; /the-charges/a-death-the-scriptures-never-record/,,yes
where is paul,110,25,Biography and general questions,/questions/#who-was-paul and the question headings above,,yes
where is st paul's,110,38,Biography and general questions,/questions/#who-was-paul and the question headings above,,yes
where was paul born in the bible,110,35,"Birth, family and background",/questions/#where-and-when-was-paul-born and #was-paul-married,,yes
where was the apostle paul born,110,31,"Birth, family and background",/questions/#where-and-when-was-paul-born and #was-paul-married,,yes
which disciple killed christians,110,18,Death and martyrdom,/questions/#how-did-paul-die; /the-charges/a-death-the-scriptures-never-record/,,yes
who is considered the founder of christianity,110,26,Founder of Christianity,/questions/#did-paul-found-christianity and #why-was-paul-important-to-christianity,,yes
who is paul bible,110,28,Biography and general questions,/questions/#who-was-paul and the question headings above,,yes
who is paul christianity,110,32,Founder of Christianity,/questions/#did-paul-found-christianity and #why-was-paul-important-to-christianity,,yes
who is saul in acts,110,28,Conversion and Damascus road,"/questions/#are-saul-and-paul-the-same-person, #did-paul-kill-christians, #what-happened-on-the-road-to-damascus",,yes
who is the apostle of the gentiles,110,17,Journeys and ministry,/questions/#how-many-times-was-paul-arrested and #why-was-paul-important-to-christianity,,yes
who is the apostle to the gentiles,110,19,Journeys and ministry,/questions/#how-many-times-was-paul-arrested and #why-was-paul-important-to-christianity,,yes
who was paul before his conversion,110,26,Conversion and Damascus road,"/questions/#are-saul-and-paul-the-same-person, #did-paul-kill-christians, #what-happened-on-the-road-to-damascus",,yes
who was saul in acts,110,28,Conversion and Damascus road,"/questions/#are-saul-and-paul-the-same-person, #did-paul-kill-christians, #what-happened-on-the-road-to-damascus",,yes
who was the apostle paul in the bible,110,24,Biography and general questions,/questions/#who-was-paul and the question headings above,,yes
age paul,90,17,"Birth, family and background",/questions/#where-and-when-was-paul-born and #was-paul-married,,
apostle paul bio,90,39,Biography and general questions,/questions/#who-was-paul and the question headings above,,
apostle paul executed,90,26,Death and martyrdom,/questions/#how-did-paul-die; /the-charges/a-death-the-scriptures-never-record/,,
apostle paul in bible,90,27,Biography and general questions,/questions/#who-was-paul and the question headings above,,
apostle paul wrote how many books,90,35,Writings and teaching,/questions/#what-books-did-paul-write and #what-did-paul-teach,,
apostle roman,90,49,"Pharisee, Jew and Roman citizen",/questions/#was-paul-a-jew-and-a-pharisee and #was-paul-a-roman-citizen,,
apostle saul,90,37,Conversion and Damascus road,"/questions/#are-saul-and-paul-the-same-person, #did-paul-kill-christians, #what-happened-on-the-road-to-damascus",,
apostolo,90,38,Disciple or apostle status,/questions/#was-paul-one-of-the-twelve and #who-taught-paul,,
autobiography of apostle paul,90,36,Biography and general questions,/questions/#who-was-paul and the question headings above,,
bad things paul did in the bible,90,2,"Criticism, Islam and truth","/questions/#was-paul-a-real-person, #does-islam-mention-paul, #what-did-paul-do-wrong",,
bible saul paul,90,31,Conversion and Damascus road,"/questions/#are-saul-and-paul-the-same-person, #did-paul-kill-christians, #what-happened-on-the-road-to-damascus",,
bible stories about paul,90,16,Biography and general questions,/questions/#who-was-paul and the question headings above,,
book of paul the apostle,90,11,Writings and teaching,/questions/#what-books-did-paul-write and #what-did-paul-teach,,
books about the apostle paul,90,16,Writings and teaching,/questions/#what-books-did-paul-write and #what-did-paul-teach,,
books on paul the apostle,90,9,Writings and teaching,/questions/#what-books-did-paul-write and #what-did-paul-teach,,
creator of christianity,90,9,Founder of Christianity,/questions/#did-paul-found-christianity and #why-was-paul-important-to-christianity,,
death of the apostle paul,90,42,Death and martyrdom,/questions/#how-did-paul-die; /the-charges/a-death-the-scriptures-never-record/,,
did nero kill paul,90,32,Death and martyrdom,/questions/#how-did-paul-die; /the-charges/a-death-the-scriptures-never-record/,,yes
did paul create christianity,90,19,Founder of Christianity,/questions/#did-paul-found-christianity and #why-was-paul-important-to-christianity,,yes
did paul die in prison,90,20,Death and martyrdom,/questions/#how-did-paul-die; /the-charges/a-death-the-scriptures-never-record/,,yes
did paul ever make it to spain,90,19,Biography and general questions,/questions/#who-was-paul and the question headings above,,yes
did paul live at the same time as jesus,90,32,Biography and general questions,/questions/#who-was-paul and the question headings above,,yes
did paul to real die,90,29,Death and martyrdom,/questions/#how-did-paul-die; /the-charges/a-death-the-scriptures-never-record/,,yes
did paul walk with jesus,90,23,Did Paul meet Jesus,/questions/#did-paul-meet-jesus; journal entry /journal/2026/10/did-paul-ever-meet-jesus/,,yes
did paul write the bible,90,44,Biography and general questions,/questions/#who-was-paul and the question headings above,,yes
did saint paul ever meet jesus,90,22,Did Paul meet Jesus,/questions/#did-paul-meet-jesus; journal entry /journal/2026/10/did-paul-ever-meet-jesus/,,yes
did st paul ever meet jesus,90,15,Did Paul meet Jesus,/questions/#did-paul-meet-jesus; journal entry /journal/2026/10/did-paul-ever-meet-jesus/,,yes
did the apostle paul kill christians,90,17,Death and martyrdom,/questions/#how-did-paul-die; /the-charges/a-death-the-scriptures-never-record/,,yes
do paul,90,32,Biography and general questions,/questions/#who-was-paul and the question headings above,,yes
facts on st paul,90,22,Journeys and ministry,/questions/#how-many-times-was-paul-arrested and #why-was-paul-important-to-christianity,,
history of paul in the bible,90,39,Biography and general questions,/questions/#who-was-paul and the question headings above,,
history of st paul,90,30,Biography and general questions,/questions/#who-was-paul and the question headings above,,
history of st paul's,90,35,Biography and general questions,/questions/#who-was-paul and the question headings above,,
how did apostle paul died in the bible,90,29,Death and martyrdom,/questions/#how-did-paul-die; /the-charges/a-death-the-scriptures-never-record/,,yes
how did paul became an apostle,90,16,Biography and general questions,/questions/#who-was-paul and the question headings above,,yes
how did paul meet jesus,90,18,Did Paul meet Jesus,/questions/#did-paul-meet-jesus; journal entry /journal/2026/10/did-paul-ever-meet-jesus/,,yes
how is paul an apostle,90,18,Biography and general questions,/questions/#who-was-paul and the question headings above,,yes
how long after jesus was paul,90,25,Biography and general questions,/questions/#who-was-paul and the question headings above,,yes
how long did paul live,90,43,Biography and general questions,/questions/#who-was-paul and the question headings above,,yes
how long was paul blind,90,16,Conversion and Damascus road,"/questions/#are-saul-and-paul-the-same-person, #did-paul-kill-christians, #what-happened-on-the-road-to-damascus",,yes
how many christians did paul kill,90,23,Death and martyrdom,/questions/#how-did-paul-die; /the-charges/a-death-the-scriptures-never-record/,,yes
how many languages did paul speak,90,10,"Birth, family and background",/questions/#where-and-when-was-paul-born and #was-paul-married,,yes
how many pauls are in the bible,90,40,Biography and general questions,/questions/#who-was-paul and the question headings above,,yes
how many people did paul kill in the bible,90,22,Death and martyrdom,/questions/#how-did-paul-die; /the-charges/a-death-the-scriptures-never-record/,,yes
how old was paul from the bible when he died,90,32,Death and martyrdom,/questions/#how-did-paul-die; /the-charges/a-death-the-scriptures-never-record/,,yes
how old was paul when he died in the bible,90,33,Death and martyrdom,/questions/#how-did-paul-die; /the-charges/a-death-the-scriptures-never-record/,,yes
how old was saint paul when he died,90,36,Death and martyrdom,/questions/#how-did-paul-die; /the-charges/a-death-the-scriptures-never-record/,,yes
how was paul a roman citizen and a jew,90,9,"Pharisee, Jew and Roman citizen",/questions/#was-paul-a-jew-and-a-pharisee and #was-paul-a-roman-citizen,,yes
how was paul an apostle,90,17,Disciple or apostle status,/questions/#was-paul-one-of-the-twelve and #who-taught-paul,,yes
how was st paul martyred,90,28,Death and martyrdom,/questions/#how-did-paul-die; /the-charges/a-death-the-scriptures-never-record/,,yes
is king saul and paul the same person,90,24,Conversion and Damascus road,"/questions/#are-saul-and-paul-the-same-person, #did-paul-kill-christians, #what-happened-on-the-road-to-damascus",,yes
is paul a book in the bible,90,35,Writings and teaching,/questions/#what-books-did-paul-write and #what-did-paul-teach,,yes
is paul in the bible,90,36,Biography and general questions,/questions/#who-was-paul and the question headings above,,yes
is paul one of the 12 apostles,90,7,Disciple or apostle status,/questions/#was-paul-one-of-the-twelve and #who-taught-paul,,yes
is saul paul in the bible,90,34,Conversion and Damascus road,"/questions/#are-saul-and-paul-the-same-person, #did-paul-kill-christians, #what-happened-on-the-road-to-damascus",,yes
jesus paul,90,50,Biography and general questions,/questions/#who-was-paul and the question headings above,,
life of paul in the bible,90,35,Biography and general questions,/questions/#who-was-paul and the question headings above,,
martyrdom of paul,90,10,Death and martyrdom,/questions/#how-did-paul-die; /the-charges/a-death-the-scriptures-never-record/,,
missionary paul,90,9,Journeys and ministry,/questions/#how-many-times-was-paul-arrested and #why-was-paul-important-to-christianity,,
paul and jesus how the apostle transformed christianity,90,23,Founder of Christianity,/questions/#did-paul-found-christianity and #why-was-paul-important-to-christianity,,
paul and the new testament,90,25,Writings and teaching,/questions/#what-books-did-paul-write and #what-did-paul-teach,,
paul call,90,0,Biography and general questions,/questions/#who-was-paul and the question headings above,,
paul from,90,27,Biography and general questions,/questions/#who-was-paul and the question headings above,,
paul from the chosen,90,33,Disciple or apostle status,/questions/#was-paul-one-of-the-twelve and #who-taught-paul,,
paul in islam,90,30,"Criticism, Islam and truth","/questions/#was-paul-a-real-person, #does-islam-mention-paul, #what-did-paul-do-wrong",,
paul is the apostle of the gentiles,90,22,Journeys and ministry,/questions/#how-many-times-was-paul-arrested and #why-was-paul-important-to-christianity,,
paul islam,90,29,"Criticism, Islam and truth","/questions/#was-paul-a-real-person, #does-islam-mention-paul, #what-did-paul-do-wrong",,
paul killing christian,90,19,Biography and general questions,/questions/#who-was-paul and the question headings above,,
paul meaning in bible,90,40,Name and meaning,/questions/#what-does-the-name-paul-mean,,
paul of arabia,90,21,Biography and general questions,/questions/#who-was-paul and the question headings above,,
paul of bible,90,41,Biography and general questions,/questions/#who-was-paul and the question headings above,,
paul of the new testament,90,38,Writings and teaching,/questions/#what-books-did-paul-write and #what-did-paul-teach,,
paul preached,90,21,Journeys and ministry,/questions/#how-many-times-was-paul-arrested and #why-was-paul-important-to-christianity,,
paul roman citizen,90,27,"Pharisee, Jew and Roman citizen",/questions/#was-paul-a-jew-and-a-pharisee and #was-paul-a-roman-citizen,,
paul speaking,90,13,Biography and general questions,/questions/#who-was-paul and the question headings above,,
paul the apostle biography,90,32,Biography and general questions,/questions/#who-was-paul and the question headings above,,
paul the apostle life story,90,34,Biography and general questions,/questions/#who-was-paul and the question headings above,,
paul the apostle the chosen,90,19,Disciple or apostle status,/questions/#was-paul-one-of-the-twelve and #who-taught-paul,,
paul was a roman citizen,90,18,"Pharisee, Jew and Roman citizen",/questions/#was-paul-a-jew-and-a-pharisee and #was-paul-a-roman-citizen,,
paul was a tax collector,90,14,Biography and general questions,/questions/#who-was-paul and the question headings above,,
paul was beheaded,90,28,Death and martyrdom,/questions/#how-did-paul-die; /the-charges/a-death-the-scriptures-never-record/,,
paul's imprisonment,90,11,Death and martyrdom,/questions/#how-did-paul-die; /the-charges/a-death-the-scriptures-never-record/,,
pauls teachings,90,31,Writings and teaching,/questions/#what-books-did-paul-write and #what-did-paul-teach,,
pictures of apostle paul,90,20,Biography and general questions,/questions/#who-was-paul and the question headings above,,
saint paul apostle,90,45,Head terms (the subject itself),"Front page, /the-man/ and the site title (Paul of Tarsus, Apostle of Doom)",,
saint paul in,90,63,Biography and general questions,/questions/#who-was-paul and the question headings above,,
saint paul martyr,90,23,Death and martyrdom,/questions/#how-did-paul-die; /the-charges/a-death-the-scriptures-never-record/,,
saint paul sword,90,11,Biography and general questions,/questions/#who-was-paul and the question headings above,,
saint paul writing,90,38,Biography and general questions,/questions/#who-was-paul and the question headings above,,
saint saul,90,52,Conversion and Damascus road,"/questions/#are-saul-and-paul-the-same-person, #did-paul-kill-christians, #what-happened-on-the-road-to-damascus",,
saul and paul story,90,31,Conversion and Damascus road,"/questions/#are-saul-and-paul-the-same-person, #did-paul-kill-christians, #what-happened-on-the-road-to-damascus",,
saul persecuted christians,90,19,Conversion and Damascus road,"/questions/#are-saul-and-paul-the-same-person, #did-paul-kill-christians, #what-happened-on-the-road-to-damascus",,
saul persecuted the church,90,15,Conversion and Damascus road,"/questions/#are-saul-and-paul-the-same-person, #did-paul-kill-christians, #what-happened-on-the-road-to-damascus",,
saul persecuting christians,90,17,Conversion and Damascus road,"/questions/#are-saul-and-paul-the-same-person, #did-paul-kill-christians, #what-happened-on-the-road-to-damascus",,
saul to paul ministries,90,17,Conversion and Damascus road,"/questions/#are-saul-and-paul-the-same-person, #did-paul-kill-christians, #what-happened-on-the-road-to-damascus",,
st paul accomplishments,90,24,Biography and general questions,/questions/#who-was-paul and the question headings above,,
st paul bio,90,27,Biography and general questions,/questions/#who-was-paul and the question headings above,,
st paul died,90,32,Death and martyrdom,/questions/#how-did-paul-die; /the-charges/a-death-the-scriptures-never-record/,,
st paul family background,90,31,"Birth, family and background",/questions/#where-and-when-was-paul-born and #was-paul-married,,
st paul in jail,90,26,Death and martyrdom,/questions/#how-did-paul-die; /the-charges/a-death-the-scriptures-never-record/,,
st paul in prison,90,18,Death and martyrdom,/questions/#how-did-paul-die; /the-charges/a-death-the-scriptures-never-record/,,
st paul information biography,90,23,Biography and general questions,/questions/#who-was-paul and the question headings above,,
st paul martyrdom,90,22,Death and martyrdom,/questions/#how-did-paul-die; /the-charges/a-death-the-scriptures-never-record/,,
st paul of the,90,43,Biography and general questions,/questions/#who-was-paul and the question headings above,,
st paul sayings,90,7,Biography and general questions,/questions/#who-was-paul and the question headings above,,
st paul story,90,50,Biography and general questions,/questions/#who-was-paul and the question headings above,,
st paul the,90,53,Biography and general questions,/questions/#who-was-paul and the question headings above,,
st paul to the romans,90,26,"Pharisee, Jew and Roman citizen",/questions/#was-paul-a-jew-and-a-pharisee and #was-paul-a-roman-citizen,,
story of paul bible,90,29,Biography and general questions,/questions/#who-was-paul and the question headings above,,
story of saul to paul,90,30,Conversion and Damascus road,"/questions/#are-saul-and-paul-the-same-person, #did-paul-kill-christians, #what-happened-on-the-road-to-damascus",,
the gospel of paul,90,24,Writings and teaching,/questions/#what-books-did-paul-write and #what-did-paul-teach,,
the gospel paul,90,20,Writings and teaching,/questions/#what-books-did-paul-write and #what-did-paul-teach,,
the life of the apostle paul,90,35,Biography and general questions,/questions/#who-was-paul and the question headings above,,
the meaning of the name paul,90,22,Name and meaning,/questions/#what-does-the-name-paul-mean,,
the missionary paul,90,18,Journeys and ministry,/questions/#how-many-times-was-paul-arrested and #why-was-paul-important-to-christianity,,
the paul family,90,29,"Birth, family and background",/questions/#where-and-when-was-paul-born and #was-paul-married,,
the story of paul in the bible summary,90,39,Biography and general questions,/questions/#who-was-paul and the question headings above,,
the story of the apostle paul,90,25,Biography and general questions,/questions/#who-was-paul and the question headings above,,
was apostle paul married,90,26,"Birth, family and background",/questions/#where-and-when-was-paul-born and #was-paul-married,,yes
was paul a disciple or an apostle,90,24,Disciple or apostle status,/questions/#was-paul-one-of-the-twelve and #who-taught-paul,,yes
was paul a disciple or apostle,90,23,Disciple or apostle status,/questions/#was-paul-one-of-the-twelve and #who-taught-paul,,yes
was paul a pharisee or a sadducee,90,15,"Pharisee, Jew and Roman citizen",/questions/#was-paul-a-jew-and-a-pharisee and #was-paul-a-roman-citizen,,yes
was paul a roman citizen and a jew,90,26,"Pharisee, Jew and Roman citizen",/questions/#was-paul-a-jew-and-a-pharisee and #was-paul-a-roman-citizen,,yes
was paul an apostle or a disciple,90,19,Disciple or apostle status,/questions/#was-paul-one-of-the-twelve and #who-taught-paul,,yes
was paul married in the bible,90,30,"Birth, family and background",/questions/#where-and-when-was-paul-born and #was-paul-married,,yes
was saul paul,90,35,Conversion and Damascus road,"/questions/#are-saul-and-paul-the-same-person, #did-paul-kill-christians, #what-happened-on-the-road-to-damascus",,yes
what book of the bible is paul in,90,41,Writings and teaching,/questions/#what-books-did-paul-write and #what-did-paul-teach,,yes
what churches did paul start,90,13,Biography and general questions,/questions/#who-was-paul and the question headings above,,yes
what did paul,90,43,Biography and general questions,/questions/#who-was-paul and the question headings above,,yes
what did paul the apostle look like,90,6,"Birth, family and background",/questions/#where-and-when-was-paul-born and #was-paul-married,,yes
what did st paul do,90,27,Biography and general questions,/questions/#who-was-paul and the question headings above,,yes
what did st paul look like,90,18,"Birth, family and background",/questions/#where-and-when-was-paul-born and #was-paul-married,,yes
what does paul mean in the bible,90,36,Name and meaning,/questions/#what-does-the-name-paul-mean,,yes
what is paul short for,90,16,Biography and general questions,/questions/#who-was-paul and the question headings above,,yes
what is the meaning of paul,90,22,Name and meaning,/questions/#what-does-the-name-paul-mean,,yes
what is the story of paul in the bible,90,36,Biography and general questions,/questions/#who-was-paul and the question headings above,,yes
what paul,90,28,Biography and general questions,/questions/#who-was-paul and the question headings above,,yes
what was paul's name before,90,34,Biography and general questions,/questions/#who-was-paul and the question headings above,,yes
what was saint paul known for,90,13,Biography and general questions,/questions/#who-was-paul and the question headings above,,yes
what year was paul converted,90,29,Conversion and Damascus road,"/questions/#are-saul-and-paul-the-same-person, #did-paul-kill-christians, #what-happened-on-the-road-to-damascus",,yes
when did paul convert to christianity,90,13,Founder of Christianity,/questions/#did-paul-found-christianity and #why-was-paul-important-to-christianity,,yes
when did paul see jesus,90,14,Did Paul meet Jesus,/questions/#did-paul-meet-jesus; journal entry /journal/2026/10/did-paul-ever-meet-jesus/,,yes
when did paul the apostle live,90,26,Biography and general questions,/questions/#who-was-paul and the question headings above,,yes
where and how did st paul die,90,32,Death and martyrdom,/questions/#how-did-paul-die; /the-charges/a-death-the-scriptures-never-record/,,yes
where did apostle paul die,90,36,Death and martyrdom,/questions/#how-did-paul-die; /the-charges/a-death-the-scriptures-never-record/,,yes
where did paul died,90,37,Death and martyrdom,/questions/#how-did-paul-die; /the-charges/a-death-the-scriptures-never-record/,,yes
where did paul in the bible die,90,20,Death and martyrdom,/questions/#how-did-paul-die; /the-charges/a-death-the-scriptures-never-record/,,yes
where did saint paul die,90,44,Death and martyrdom,/questions/#how-did-paul-die; /the-charges/a-death-the-scriptures-never-record/,,yes
where did the name paul come from,90,30,Name and meaning,/questions/#what-does-the-name-paul-mean,,yes
where does paul die in the bible,90,31,Death and martyrdom,/questions/#how-did-paul-die; /the-charges/a-death-the-scriptures-never-record/,,yes
where does the name paul come from,90,23,Name and meaning,/questions/#what-does-the-name-paul-mean,,yes
where does the story of paul start in the bible,90,42,Biography and general questions,/questions/#who-was-paul and the question headings above,,yes
where in the bible does paul die,90,33,Death and martyrdom,/questions/#how-did-paul-die; /the-charges/a-death-the-scriptures-never-record/,,yes
where was paul in the bible born,90,29,"Birth, family and background",/questions/#where-and-when-was-paul-born and #was-paul-married,,yes
where was the apostle paul from,90,45,Biography and general questions,/questions/#who-was-paul and the question headings above,,yes
who is paul in christianity,90,16,Founder of Christianity,/questions/#did-paul-found-christianity and #why-was-paul-important-to-christianity,,yes
who is paul in the new testament,90,25,Writings and teaching,/questions/#what-books-did-paul-write and #what-did-paul-teach,,yes
who is paul on the five,90,21,Biography and general questions,/questions/#who-was-paul and the question headings above,,yes
who is saint paul in the bible,90,42,Biography and general questions,/questions/#who-was-paul and the question headings above,,yes
who is st paul in the bible,90,28,Biography and general questions,/questions/#who-was-paul and the question headings above,,yes
who was paul christianity,90,30,Founder of Christianity,/questions/#did-paul-found-christianity and #why-was-paul-important-to-christianity,,yes
who was paul in christianity,90,21,Founder of Christianity,/questions/#did-paul-found-christianity and #why-was-paul-important-to-christianity,,yes
who was paul to jesus,90,37,Biography and general questions,/questions/#who-was-paul and the question headings above,,yes
who was saul before he became paul,90,21,Conversion and Damascus road,"/questions/#are-saul-and-paul-the-same-person, #did-paul-kill-christians, #what-happened-on-the-road-to-damascus",,yes
why did paul,90,29,Biography and general questions,/questions/#who-was-paul and the question headings above,,yes
why did paul kill christians,90,24,Death and martyrdom,/questions/#how-did-paul-die; /the-charges/a-death-the-scriptures-never-record/,,yes
why did paul persecute christians,90,6,Biography and general questions,/questions/#who-was-paul and the question headings above,,yes
why did saul persecute christians,90,11,Conversion and Damascus road,"/questions/#are-saul-and-paul-the-same-person, #did-paul-kill-christians, #what-happened-on-the-road-to-damascus",,yes
why is paul an apostle,90,24,Disciple or apostle status,/questions/#was-paul-one-of-the-twelve and #who-taught-paul,,yes
why is paul called an apostle,90,10,Biography and general questions,/questions/#who-was-paul and the question headings above,,yes
why was paul important to christianity,90,35,Founder of Christianity,/questions/#did-paul-found-christianity and #why-was-paul-important-to-christianity,,yes
age of paul,70,45,"Birth, family and background",/questions/#where-and-when-was-paul-born and #was-paul-married,,
apostal paul,70,32,Biography and general questions,/questions/#who-was-paul and the question headings above,,
apostle of the gentiles,70,17,Journeys and ministry,/questions/#how-many-times-was-paul-arrested and #why-was-paul-important-to-christianity,,
apostle pau,70,55,Biography and general questions,/questions/#who-was-paul and the question headings above,,
apostle paul death in the bible,70,24,Death and martyrdom,/questions/#how-did-paul-die; /the-charges/a-death-the-scriptures-never-record/,,
apostle paul died,70,44,Death and martyrdom,/questions/#how-did-paul-die; /the-charges/a-death-the-scriptures-never-record/,,
apostle paul story,70,29,Biography and general questions,/questions/#who-was-paul and the question headings above,,
apostle paul the chosen,70,30,Disciple or apostle status,/questions/#was-paul-one-of-the-twelve and #who-taught-paul,,
apostle pauls death,70,43,Death and martyrdom,/questions/#how-did-paul-die; /the-charges/a-death-the-scriptures-never-record/,,
apostol paul,70,45,Disciple or apostle status,/questions/#was-paul-one-of-the-twelve and #who-taught-paul,,
are saul and paul the same person,70,29,Conversion and Damascus road,"/questions/#are-saul-and-paul-the-same-person, #did-paul-kill-christians, #what-happened-on-the-road-to-damascus",,yes
death of apostle paul in the bible,70,27,Death and martyrdom,/questions/#how-did-paul-die; /the-charges/a-death-the-scriptures-never-record/,,
did apostle paul kill christians,70,13,Death and martyrdom,/questions/#how-did-paul-die; /the-charges/a-death-the-scriptures-never-record/,,yes
did king saul become paul,70,36,Conversion and Damascus road,"/questions/#are-saul-and-paul-the-same-person, #did-paul-kill-christians, #what-happened-on-the-road-to-damascus",,yes
did paul believe jesus was god,70,11,"Criticism, Islam and truth","/questions/#was-paul-a-real-person, #does-islam-mention-paul, #what-did-paul-do-wrong",,yes
did paul die in rome,70,30,Death and martyrdom,/questions/#how-did-paul-die; /the-charges/a-death-the-scriptures-never-record/,,yes
did paul meet the disciples,70,13,Disciple or apostle status,/questions/#was-paul-one-of-the-twelve and #who-taught-paul,,yes
did saul change his name to paul,70,30,Conversion and Damascus road,"/questions/#are-saul-and-paul-the-same-person, #did-paul-kill-christians, #what-happened-on-the-road-to-damascus",,yes
facts about paul,70,31,Journeys and ministry,/questions/#how-many-times-was-paul-arrested and #why-was-paul-important-to-christianity,,
facts about paul from the bible,70,36,Journeys and ministry,/questions/#how-many-times-was-paul-arrested and #why-was-paul-important-to-christianity,,
from saul to paul,70,35,Conversion and Damascus road,"/questions/#are-saul-and-paul-the-same-person, #did-paul-kill-christians, #what-happened-on-the-road-to-damascus",,
hebrew name of paul,70,24,Name and meaning,/questions/#what-does-the-name-paul-mean,,
historical paul the apostle,70,39,Biography and general questions,/questions/#who-was-paul and the question headings above,,
historicity of paul the apostle,70,38,Biography and general questions,/questions/#who-was-paul and the question headings above,,
history of paul from the bible,70,40,Biography and general questions,/questions/#who-was-paul and the question headings above,,
history of paul the apostle,70,28,Biography and general questions,/questions/#who-was-paul and the question headings above,,
history st paul,70,25,Biography and general questions,/questions/#who-was-paul and the question headings above,,
how did apostle paul die bible verse,70,29,Death and martyrdom,/questions/#how-did-paul-die; /the-charges/a-death-the-scriptures-never-record/,,yes
how did paul become roman citizen,70,24,"Pharisee, Jew and Roman citizen",/questions/#was-paul-a-jew-and-a-pharisee and #was-paul-a-roman-citizen,,yes
how did paul of tarsus die,70,35,Death and martyrdom,/questions/#how-did-paul-die; /the-charges/a-death-the-scriptures-never-record/,,yes
how did saint paul died,70,33,Death and martyrdom,/questions/#how-did-paul-die; /the-charges/a-death-the-scriptures-never-record/,,yes
how did st paul the apostle die,70,36,Death and martyrdom,/questions/#how-did-paul-die; /the-charges/a-death-the-scriptures-never-record/,,yes
how did the apostle paul died,70,32,Death and martyrdom,/questions/#how-did-paul-die; /the-charges/a-death-the-scriptures-never-record/,,yes
how long was paul in corinth,70,9,Journeys and ministry,/questions/#how-many-times-was-paul-arrested and #why-was-paul-important-to-christianity,,yes
how many sauls were in the bible,70,16,Conversion and Damascus road,"/questions/#are-saul-and-paul-the-same-person, #did-paul-kill-christians, #what-happened-on-the-road-to-damascus",,yes
how old was paul when he wrote romans,70,23,Death and martyrdom,/questions/#how-did-paul-die; /the-charges/a-death-the-scriptures-never-record/,,yes
how old was saul when he became paul,70,17,Conversion and Damascus road,"/questions/#are-saul-and-paul-the-same-person, #did-paul-kill-christians, #what-happened-on-the-road-to-damascus",,yes
how st paul died,70,36,Death and martyrdom,/questions/#how-did-paul-die; /the-charges/a-death-the-scriptures-never-record/,,yes
how was paul executed,70,20,Death and martyrdom,/questions/#how-did-paul-die; /the-charges/a-death-the-scriptures-never-record/,,yes
images of paul from the bible,70,22,"Birth, family and background",/questions/#where-and-when-was-paul-born and #was-paul-married,,
images of saint paul,70,22,"Birth, family and background",/questions/#where-and-when-was-paul-born and #was-paul-married,,
images of the apostle paul,70,22,"Birth, family and background",/questions/#where-and-when-was-paul-born and #was-paul-married,,
in what city was paul born,70,18,"Birth, family and background",/questions/#where-and-when-was-paul-born and #was-paul-married,,
is paul a saint,70,30,Biography and general questions,/questions/#who-was-paul and the question headings above,,yes
is paul one of the 12 disciples,70,16,Disciple or apostle status,/questions/#was-paul-one-of-the-twelve and #who-taught-paul,,yes
is paul one of the twelve apostles,70,14,Disciple or apostle status,/questions/#was-paul-one-of-the-twelve and #who-taught-paul,,yes
jesus disciple paul,70,22,Disciple or apostle status,/questions/#was-paul-one-of-the-twelve and #who-taught-paul,,
jonus paul,70,30,Biography and general questions,/questions/#who-was-paul and the question headings above,,
life history of apostle paul,70,38,Biography and general questions,/questions/#who-was-paul and the question headings above,,
life history of paul the apostle,70,42,Biography and general questions,/questions/#who-was-paul and the question headings above,,
life history of st paul,70,42,Biography and general questions,/questions/#who-was-paul and the question headings above,,
life of apostle paul,70,28,Biography and general questions,/questions/#who-was-paul and the question headings above,,
life story of paul the apostle,70,36,Biography and general questions,/questions/#who-was-paul and the question headings above,,
martyrdom of saint paul,70,17,Death and martyrdom,/questions/#how-did-paul-die; /the-charges/a-death-the-scriptures-never-record/,,
ms paul,70,21,Biography and general questions,/questions/#who-was-paul and the question headings above,,
origin of paul,70,30,Biography and general questions,/questions/#who-was-paul and the question headings above,,
paster paul,70,34,Biography and general questions,/questions/#who-was-paul and the question headings above,,
pauil,70,68,Biography and general questions,/questions/#who-was-paul and the question headings above,,
paul and islam,70,26,"Criticism, Islam and truth","/questions/#was-paul-a-real-person, #does-islam-mention-paul, #what-did-paul-do-wrong",,
paul and jesus book,70,29,Writings and teaching,/questions/#what-books-did-paul-write and #what-did-paul-teach,,
paul bible character,70,21,Biography and general questions,/questions/#who-was-paul and the question headings above,,
paul bible death,70,28,Death and martyrdom,/questions/#how-did-paul-die; /the-charges/a-death-the-scriptures-never-record/,,
paul biblical character,70,16,Biography and general questions,/questions/#who-was-paul and the question headings above,,
paul biblr,70,34,Biography and general questions,/questions/#who-was-paul and the question headings above,,
paul called,70,23,Biography and general questions,/questions/#who-was-paul and the question headings above,,
paul does,70,15,Biography and general questions,/questions/#who-was-paul and the question headings above,,
paul false apostle,70,24,Disciple or apostle status,/questions/#was-paul-one-of-the-twelve and #who-taught-paul,,
paul from paul,70,52,Biography and general questions,/questions/#who-was-paul and the question headings above,,
paul from tarsus,70,50,Biography and general questions,/questions/#who-was-paul and the question headings above,,
paul go,70,36,Biography and general questions,/questions/#who-was-paul and the question headings above,,
paul goes,70,17,Biography and general questions,/questions/#who-was-paul and the question headings above,,
paul in acts,70,44,Journeys and ministry,/questions/#how-many-times-was-paul-arrested and #why-was-paul-important-to-christianity,,
paul in bible story,70,24,Biography and general questions,/questions/#who-was-paul and the question headings above,,
paul in tarsus,70,23,Biography and general questions,/questions/#who-was-paul and the question headings above,,
paul in the bible characteristics,70,4,Biography and general questions,/questions/#who-was-paul and the question headings above,,
paul in the bible death,70,28,Death and martyrdom,/questions/#how-did-paul-die; /the-charges/a-death-the-scriptures-never-record/,,
paul in the new testament,70,32,Writings and teaching,/questions/#what-books-did-paul-write and #what-did-paul-teach,,
paul jesus apostle,70,38,Biography and general questions,/questions/#who-was-paul and the question headings above,,
paul jesus disciple,70,41,Disciple or apostle status,/questions/#was-paul-one-of-the-twelve and #who-taught-paul,,
paul killed in the bible,70,26,Death and martyrdom,/questions/#how-did-paul-die; /the-charges/a-death-the-scriptures-never-record/,,
paul living,70,20,Biography and general questions,/questions/#who-was-paul and the question headings above,,
paul martyr,70,17,Death and martyrdom,/questions/#how-did-paul-die; /the-charges/a-death-the-scriptures-never-record/,,
paul martyrdom,70,22,Death and martyrdom,/questions/#how-did-paul-die; /the-charges/a-death-the-scriptures-never-record/,,
paul means what,70,20,Biography and general questions,/questions/#who-was-paul and the question headings above,,
paul mission,70,,Biography and general questions,/questions/#who-was-paul and the question headings above,,
paul name in hebrew,70,31,Name and meaning,/questions/#what-does-the-name-paul-mean,,
paul of damascus,70,60,Conversion and Damascus road,"/questions/#are-saul-and-paul-the-same-person, #did-paul-kill-christians, #what-happened-on-the-road-to-damascus",,
paul one,70,22,Biography and general questions,/questions/#who-was-paul and the question headings above,,
paul origin,70,30,Biography and general questions,/questions/#who-was-paul and the question headings above,,
paul persecuted,70,10,Biography and general questions,/questions/#who-was-paul and the question headings above,,
paul plante md,70,51,Biography and general questions,/questions/#who-was-paul and the question headings above,,
paul roman citizenship,70,11,"Pharisee, Jew and Roman citizen",/questions/#was-paul-a-jew-and-a-pharisee and #was-paul-a-roman-citizen,,
paul saint,70,49,Biography and general questions,/questions/#who-was-paul and the question headings above,,
paul saul of tarsus,70,40,Conversion and Damascus road,"/questions/#are-saul-and-paul-the-same-person, #did-paul-kill-christians, #what-happened-on-the-road-to-damascus",,
paul the apostle book,70,16,Writings and teaching,/questions/#what-books-did-paul-write and #what-did-paul-teach,,
paul the appostle,70,35,Biography and general questions,/questions/#who-was-paul and the question headings above,,
paul the epistle,70,38,Writings and teaching,/questions/#what-books-did-paul-write and #what-did-paul-teach,,
paul the great,70,32,Biography and general questions,/questions/#who-was-paul and the question headings above,,
paul the pharisee,70,22,"Pharisee, Jew and Roman citizen",/questions/#was-paul-a-jew-and-a-pharisee and #was-paul-a-roman-citizen,,
paul trained for 14 years,70,11,Biography and general questions,/questions/#who-was-paul and the question headings above,,
paul vs saul,70,34,Conversion and Damascus road,"/questions/#are-saul-and-paul-the-same-person, #did-paul-kill-christians, #what-happened-on-the-road-to-damascus",,
paul was born in what city,70,30,"Birth, family and background",/questions/#where-and-when-was-paul-born and #was-paul-married,,
paul's teachings,70,25,Writings and teaching,/questions/#what-books-did-paul-write and #what-did-paul-teach,,
paul's travels,70,25,Journeys and ministry,/questions/#how-many-times-was-paul-arrested and #why-was-paul-important-to-christianity,,
paul/saul in the bible,70,26,Conversion and Damascus road,"/questions/#are-saul-and-paul-the-same-person, #did-paul-kill-christians, #what-happened-on-the-road-to-damascus",,
paul],70,59,Biography and general questions,/questions/#who-was-paul and the question headings above,,
pauls valley attorneys,70,38,Biography and general questions,/questions/#who-was-paul and the question headings above,,
persecution of the church by saul,70,3,Conversion and Damascus road,"/questions/#are-saul-and-paul-the-same-person, #did-paul-kill-christians, #what-happened-on-the-road-to-damascus",,
picture of paul from the bible,70,22,"Birth, family and background",/questions/#where-and-when-was-paul-born and #was-paul-married,,
picture of paul in the bible,70,21,"Birth, family and background",/questions/#where-and-when-was-paul-born and #was-paul-married,,
picture of saint paul,70,22,"Birth, family and background",/questions/#where-and-when-was-paul-born and #was-paul-married,,
picture of the apostle paul,70,22,"Birth, family and background",/questions/#where-and-when-was-paul-born and #was-paul-married,,
picture paul,70,32,Biography and general questions,/questions/#who-was-paul and the question headings above,,
pictures of the apostle paul,70,22,Biography and general questions,/questions/#who-was-paul and the question headings above,,
saint paul in prison,70,22,Death and martyrdom,/questions/#how-did-paul-die; /the-charges/a-death-the-scriptures-never-record/,,
saint paul symbol,70,22,Biography and general questions,/questions/#who-was-paul and the question headings above,,
saint paul to the romans,70,18,"Pharisee, Jew and Roman citizen",/questions/#was-paul-a-jew-and-a-pharisee and #was-paul-a-roman-citizen,,
saint paul's life,70,29,Biography and general questions,/questions/#who-was-paul and the question headings above,,
sait paul,70,27,Biography and general questions,/questions/#who-was-paul and the question headings above,,
saul became paul in the bible,70,23,Conversion and Damascus road,"/questions/#are-saul-and-paul-the-same-person, #did-paul-kill-christians, #what-happened-on-the-road-to-damascus",,
saul of tarsus paul,70,45,Conversion and Damascus road,"/questions/#are-saul-and-paul-the-same-person, #did-paul-kill-christians, #what-happened-on-the-road-to-damascus",,
saul paul name change,70,31,Conversion and Damascus road,"/questions/#are-saul-and-paul-the-same-person, #did-paul-kill-christians, #what-happened-on-the-road-to-damascus",,
saul tarsus,70,36,Conversion and Damascus road,"/questions/#are-saul-and-paul-the-same-person, #did-paul-kill-christians, #what-happened-on-the-road-to-damascus",,
saul who became paul in the bible,70,32,Conversion and Damascus road,"/questions/#are-saul-and-paul-the-same-person, #did-paul-kill-christians, #what-happened-on-the-road-to-damascus",,
saul/paul,70,44,Conversion and Damascus road,"/questions/#are-saul-and-paul-the-same-person, #did-paul-kill-christians, #what-happened-on-the-road-to-damascus",,
st paul apostolic church,70,40,Disciple or apostle status,/questions/#was-paul-one-of-the-twelve and #who-taught-paul,,
st paul birth and death,70,38,Death and martyrdom,/questions/#how-did-paul-die; /the-charges/a-death-the-scriptures-never-record/,,
st paul how did he die,70,29,Death and martyrdom,/questions/#how-did-paul-die; /the-charges/a-death-the-scriptures-never-record/,,
st paul in the bible,70,26,Head terms (the subject itself),"Front page, /the-man/ and the site title (Paul of Tarsus, Apostle of Doom)",,
st paul original name,70,30,Biography and general questions,/questions/#who-was-paul and the question headings above,,
st paul the apostle catholic,70,54,Biography and general questions,/questions/#who-was-paul and the question headings above,,
st paul's day,70,24,Biography and general questions,/questions/#who-was-paul and the question headings above,,
st paul's death,70,39,Death and martyrdom,/questions/#how-did-paul-die; /the-charges/a-death-the-scriptures-never-record/,,
st paul's journey,70,30,Journeys and ministry,/questions/#how-many-times-was-paul-arrested and #why-was-paul-important-to-christianity,,
st paul's story,70,34,Biography and general questions,/questions/#who-was-paul and the question headings above,,
st pauls death,70,32,Death and martyrdom,/questions/#how-did-paul-die; /the-charges/a-death-the-scriptures-never-record/,,
story of saul and paul,70,30,Conversion and Damascus road,"/questions/#are-saul-and-paul-the-same-person, #did-paul-kill-christians, #what-happened-on-the-road-to-damascus",,
tarsus paul,70,32,Biography and general questions,/questions/#who-was-paul and the question headings above,,
text paul,70,18,Biography and general questions,/questions/#who-was-paul and the question headings above,,
the apostle paul story,70,41,Biography and general questions,/questions/#who-was-paul and the question headings above,,
the appostle,70,63,Biography and general questions,/questions/#who-was-paul and the question headings above,,
the death of apostle paul in the bible,70,21,Death and martyrdom,/questions/#how-did-paul-die; /the-charges/a-death-the-scriptures-never-record/,,
the life of paul in bible,70,29,Biography and general questions,/questions/#who-was-paul and the question headings above,,
the missionary work of paul,70,22,Journeys and ministry,/questions/#how-many-times-was-paul-arrested and #why-was-paul-important-to-christianity,,
the point of st paul,70,34,Biography and general questions,/questions/#who-was-paul and the question headings above,,
was paul a false apostle,70,15,Disciple or apostle status,/questions/#was-paul-one-of-the-twelve and #who-taught-paul,,yes
was paul a gentile in the bible,70,19,Journeys and ministry,/questions/#how-many-times-was-paul-arrested and #why-was-paul-important-to-christianity,,yes
was paul a homosexual,70,26,"Criticism, Islam and truth","/questions/#was-paul-a-real-person, #does-islam-mention-paul, #what-did-paul-do-wrong",,yes
was paul a real person,70,53,"Criticism, Islam and truth","/questions/#was-paul-a-real-person, #does-islam-mention-paul, #what-did-paul-do-wrong",,yes
was paul catholic,70,21,Biography and general questions,/questions/#who-was-paul and the question headings above,,yes
was paul crucified,70,25,Biography and general questions,/questions/#who-was-paul and the question headings above,,yes
was paul jew or roman,70,18,"Pharisee, Jew and Roman citizen",/questions/#was-paul-a-jew-and-a-pharisee and #was-paul-a-roman-citizen,,yes
was saint paul a pharisee,70,8,"Pharisee, Jew and Roman citizen",/questions/#was-paul-a-jew-and-a-pharisee and #was-paul-a-roman-citizen,,yes
was st paul a pharisee,70,19,"Pharisee, Jew and Roman citizen",/questions/#was-paul-a-jew-and-a-pharisee and #was-paul-a-roman-citizen,,yes
was the apostle paul a pharisee,70,13,"Pharisee, Jew and Roman citizen",/questions/#was-paul-a-jew-and-a-pharisee and #was-paul-a-roman-citizen,,yes
was the apostle paul jewish,70,14,"Pharisee, Jew and Roman citizen",/questions/#was-paul-a-jew-and-a-pharisee and #was-paul-a-roman-citizen,,yes
what city was paul born in,70,15,"Birth, family and background",/questions/#where-and-when-was-paul-born and #was-paul-married,,yes
what did paul do to spread the religion,70,32,Founder of Christianity,/questions/#did-paul-found-christianity and #why-was-paul-important-to-christianity,,yes
what did paul look like bible,70,4,"Birth, family and background",/questions/#where-and-when-was-paul-born and #was-paul-married,,yes
what did saint paul do,70,38,Biography and general questions,/questions/#who-was-paul and the question headings above,,yes
what did saint paul look like,70,7,"Birth, family and background",/questions/#where-and-when-was-paul-born and #was-paul-married,,yes
what does the name paul mean biblically,70,22,Name and meaning,/questions/#what-does-the-name-paul-mean,,yes
what happened to apostle paul,70,34,Biography and general questions,/questions/#who-was-paul and the question headings above,,yes
what happened to paul from the bible,70,26,Biography and general questions,/questions/#who-was-paul and the question headings above,,yes
what happened to paulie paul,70,20,"Criticism, Islam and truth","/questions/#was-paul-a-real-person, #does-islam-mention-paul, #what-did-paul-do-wrong",,yes
what is a saul,70,39,Conversion and Damascus road,"/questions/#are-saul-and-paul-the-same-person, #did-paul-kill-christians, #what-happened-on-the-road-to-damascus",,yes
what is the meaning paul,70,37,Name and meaning,/questions/#what-does-the-name-paul-mean,,yes
what paul means,70,45,Biography and general questions,/questions/#who-was-paul and the question headings above,,yes
what the meaning of paul,70,30,Name and meaning,/questions/#what-does-the-name-paul-mean,,yes
what tribe is paul from in the bible,70,22,Biography and general questions,/questions/#who-was-paul and the question headings above,,yes
what tribe was paul from in the bible,70,28,Biography and general questions,/questions/#who-was-paul and the question headings above,,yes
what was paul before his conversion,70,26,Conversion and Damascus road,"/questions/#are-saul-and-paul-the-same-person, #did-paul-kill-christians, #what-happened-on-the-road-to-damascus",,yes
what was paul in the bible,70,41,Biography and general questions,/questions/#who-was-paul and the question headings above,,yes
what was paul's name before his conversion,70,35,Conversion and Damascus road,"/questions/#are-saul-and-paul-the-same-person, #did-paul-kill-christians, #what-happened-on-the-road-to-damascus",,yes
what was the first church paul established,70,18,Biography and general questions,/questions/#who-was-paul and the question headings above,,yes
what year did the apostle paul die,70,35,Death and martyrdom,/questions/#how-did-paul-die; /the-charges/a-death-the-scriptures-never-record/,,yes
when did apostle paul died,70,38,Death and martyrdom,/questions/#how-did-paul-die; /the-charges/a-death-the-scriptures-never-record/,,yes
when did paul live in the bible,70,31,Biography and general questions,/questions/#who-was-paul and the question headings above,,yes
when did saul change his name to paul,70,27,Conversion and Damascus road,"/questions/#are-saul-and-paul-the-same-person, #did-paul-kill-christians, #what-happened-on-the-road-to-damascus",,yes
when is paul first mentioned in the bible,70,32,Biography and general questions,/questions/#who-was-paul and the question headings above,,yes
when was apostle paul born,70,25,"Birth, family and background",/questions/#where-and-when-was-paul-born and #was-paul-married,,yes
when was paul alive,70,33,Biography and general questions,/questions/#who-was-paul and the question headings above,,yes
when was paul born bible,70,19,"Birth, family and background",/questions/#where-and-when-was-paul-born and #was-paul-married,,yes
when was paul born in the bible,70,20,"Birth, family and background",/questions/#where-and-when-was-paul-born and #was-paul-married,,yes
when was paul first mentioned in the bible,70,32,Biography and general questions,/questions/#who-was-paul and the question headings above,,yes
when was paul in the bible born,70,24,"Birth, family and background",/questions/#where-and-when-was-paul-born and #was-paul-married,,yes
where did paul die in the bible,70,27,Death and martyrdom,/questions/#how-did-paul-die; /the-charges/a-death-the-scriptures-never-record/,,yes
where did paul died in the bible,70,27,Death and martyrdom,/questions/#how-did-paul-die; /the-charges/a-death-the-scriptures-never-record/,,yes
where is paul from,70,45,Biography and general questions,/questions/#who-was-paul and the question headings above,,yes
where was apostle paul born,70,19,"Birth, family and background",/questions/#where-and-when-was-paul-born and #was-paul-married,,yes
where was paul the apostle born,70,24,"Birth, family and background",/questions/#where-and-when-was-paul-born and #was-paul-married,,yes
who did paul study under,70,35,Biography and general questions,/questions/#who-was-paul and the question headings above,,yes
who is the apostle paul in the bible,70,21,Biography and general questions,/questions/#who-was-paul and the question headings above,,yes
who killed paul in the bible,70,29,Death and martyrdom,/questions/#how-did-paul-die; /the-charges/a-death-the-scriptures-never-record/,,yes
who made paul an apostle,70,17,Biography and general questions,/questions/#who-was-paul and the question headings above,,yes
who was apostle paul in the bible,70,29,Biography and general questions,/questions/#who-was-paul and the question headings above,,yes
who was paul in the new testament,70,15,Writings and teaching,/questions/#what-books-did-paul-write and #what-did-paul-teach,,yes
who was saul of tarsus in the bible,70,29,Conversion and Damascus road,"/questions/#are-saul-and-paul-the-same-person, #did-paul-kill-christians, #what-happened-on-the-road-to-damascus",,yes
whos paul in the bible,70,26,Biography and general questions,/questions/#who-was-paul and the question headings above,,
whos the founder of christianity,70,26,Founder of Christianity,/questions/#did-paul-found-christianity and #why-was-paul-important-to-christianity,,
why did saul persecute the christians,70,9,Conversion and Damascus road,"/questions/#are-saul-and-paul-the-same-person, #did-paul-kill-christians, #what-happened-on-the-road-to-damascus",,yes
why is paul considered an apostle,70,10,Biography and general questions,/questions/#who-was-paul and the question headings above,,yes
why is paul important to christianity,70,35,Founder of Christianity,/questions/#did-paul-found-christianity and #why-was-paul-important-to-christianity,,yes
why was paul a roman citizen,70,10,"Pharisee, Jew and Roman citizen",/questions/#was-paul-a-jew-and-a-pharisee and #was-paul-a-roman-citizen,,yes
why was paul an apostle,70,19,Disciple or apostle status,/questions/#was-paul-one-of-the-twelve and #who-taught-paul,,yes
why was paul called an apostle,70,7,Name and meaning,/questions/#what-does-the-name-paul-mean,,yes
ancient rome paul,50,7,"Pharisee, Jew and Roman citizen",/questions/#was-paul-a-jew-and-a-pharisee and #was-paul-a-roman-citizen,,
apostle paul image,50,23,"Birth, family and background",/questions/#where-and-when-was-paul-born and #was-paul-married,,
apostle paul killed,50,36,Death and martyrdom,/questions/#how-did-paul-die; /the-charges/a-death-the-scriptures-never-record/,,
apostle paul was a pharisee,50,15,"Pharisee, Jew and Roman citizen",/questions/#was-paul-a-jew-and-a-pharisee and #was-paul-a-roman-citizen,,
apostle paul wife name,50,25,"Birth, family and background",/questions/#where-and-when-was-paul-born and #was-paul-married,,
apostle paul's death in the bible,50,32,Death and martyrdom,/questions/#how-did-paul-die; /the-charges/a-death-the-scriptures-never-record/,,
apostle rome,50,26,"Pharisee, Jew and Roman citizen",/questions/#was-paul-a-jew-and-a-pharisee and #was-paul-a-roman-citizen,,
apostle st paul,50,34,Biography and general questions,/questions/#who-was-paul and the question headings above,,
bible characters paul,50,16,Biography and general questions,/questions/#who-was-paul and the question headings above,,
bible story of saul,50,27,Conversion and Damascus road,"/questions/#are-saul-and-paul-the-same-person, #did-paul-kill-christians, #what-happened-on-the-road-to-damascus",,
biography of st paul,50,42,Biography and general questions,/questions/#who-was-paul and the question headings above,,
book on paul the apostle,50,13,Writings and teaching,/questions/#what-books-did-paul-write and #what-did-paul-teach,,
character paul bible,50,18,Biography and general questions,/questions/#who-was-paul and the question headings above,,
death of paul in the bible,50,24,Death and martyrdom,/questions/#how-did-paul-die; /the-charges/a-death-the-scriptures-never-record/,,
did paul kill christians before converting,50,12,Death and martyrdom,/questions/#how-did-paul-die; /the-charges/a-death-the-scriptures-never-record/,,yes
did paul murder christians,50,11,Biography and general questions,/questions/#who-was-paul and the question headings above,,yes
facts about saint paul,50,24,Journeys and ministry,/questions/#how-many-times-was-paul-arrested and #why-was-paul-important-to-christianity,,
facts about saul,50,28,Conversion and Damascus road,"/questions/#are-saul-and-paul-the-same-person, #did-paul-kill-christians, #what-happened-on-the-road-to-damascus",,
how did paul help spread christianity,50,26,Founder of Christianity,/questions/#did-paul-found-christianity and #why-was-paul-important-to-christianity,,yes
how did paul know about the grandmother,50,21,Biography and general questions,/questions/#who-was-paul and the question headings above,,yes
how did paul spread christianity,50,47,Founder of Christianity,/questions/#did-paul-found-christianity and #why-was-paul-important-to-christianity,,yes
how did st. paul die,50,37,Death and martyrdom,/questions/#how-did-paul-die; /the-charges/a-death-the-scriptures-never-record/,,yes
how does paul the apostle die,50,33,Death and martyrdom,/questions/#how-did-paul-die; /the-charges/a-death-the-scriptures-never-record/,,yes
how many churches did paul plant,50,10,Biography and general questions,/questions/#who-was-paul and the question headings above,,yes
how old was paul in the bible,50,13,"Birth, family and background",/questions/#where-and-when-was-paul-born and #was-paul-married,,yes
how paul the apostle died,50,31,Death and martyrdom,/questions/#how-did-paul-die; /the-charges/a-death-the-scriptures-never-record/,,yes
how was st paul killed,50,32,Death and martyrdom,/questions/#how-did-paul-die; /the-charges/a-death-the-scriptures-never-record/,,yes
image of st paul,50,22,"Birth, family and background",/questions/#where-and-when-was-paul-born and #was-paul-married,,
images of st paul,50,22,"Birth, family and background",/questions/#where-and-when-was-paul-born and #was-paul-married,,
is paul a jew,50,27,"Pharisee, Jew and Roman citizen",/questions/#was-paul-a-jew-and-a-pharisee and #was-paul-a-roman-citizen,,yes
is paul a jewish name,50,17,"Pharisee, Jew and Roman citizen",/questions/#was-paul-a-jew-and-a-pharisee and #was-paul-a-roman-citizen,,yes
is paul and saul the same person in the bible,50,32,Conversion and Damascus road,"/questions/#are-saul-and-paul-the-same-person, #did-paul-kill-christians, #what-happened-on-the-road-to-damascus",,yes
is the name paul in the bible,50,28,Name and meaning,/questions/#what-does-the-name-paul-mean,,yes
life of st paul,50,31,Biography and general questions,/questions/#who-was-paul and the question headings above,,
meaning of paul in greek,50,31,Name and meaning,/questions/#what-does-the-name-paul-mean,,
of st paul,50,29,Biography and general questions,/questions/#who-was-paul and the question headings above,,
old paul,50,21,Biography and general questions,/questions/#who-was-paul and the question headings above,,
paul 25,50,8,Biography and general questions,/questions/#who-was-paul and the question headings above,,
paul a roman,50,40,"Pharisee, Jew and Roman citizen",/questions/#was-paul-a-jew-and-a-pharisee and #was-paul-a-roman-citizen,,
paul ancient rome,50,21,"Pharisee, Jew and Roman citizen",/questions/#was-paul-a-jew-and-a-pharisee and #was-paul-a-roman-citizen,,
paul bible facts,50,30,Journeys and ministry,/questions/#how-many-times-was-paul-arrested and #why-was-paul-important-to-christianity,,
paul death in bible,50,24,Death and martyrdom,/questions/#how-did-paul-die; /the-charges/a-death-the-scriptures-never-record/,,
paul def,50,33,Biography and general questions,/questions/#who-was-paul and the question headings above,,
paul from the bible facts,50,28,Journeys and ministry,/questions/#how-many-times-was-paul-arrested and #why-was-paul-important-to-christianity,,
paul gospel,50,29,Writings and teaching,/questions/#what-books-did-paul-write and #what-did-paul-teach,,
paul in arabia,50,29,Biography and general questions,/questions/#who-was-paul and the question headings above,,
paul in chosen,50,34,Disciple or apostle status,/questions/#was-paul-one-of-the-twelve and #who-taught-paul,,
paul in the bible character,50,11,Biography and general questions,/questions/#who-was-paul and the question headings above,,
paul in usa,50,48,Biography and general questions,/questions/#who-was-paul and the question headings above,,
paul italie,50,7,"Criticism, Islam and truth","/questions/#was-paul-a-real-person, #does-islam-mention-paul, #what-did-paul-do-wrong",,
paul l. downing,50,57,Biography and general questions,/questions/#who-was-paul and the question headings above,,
paul life,50,32,Biography and general questions,/questions/#who-was-paul and the question headings above,,
paul meet jesus,50,34,Did Paul meet Jesus,/questions/#did-paul-meet-jesus; journal entry /journal/2026/10/did-paul-ever-meet-jesus/,,
paul of tarsis,50,41,Biography and general questions,/questions/#who-was-paul and the question headings above,,
paul of taurus,50,39,Biography and general questions,/questions/#who-was-paul and the question headings above,,
paul persecutor of the church,50,3,Biography and general questions,/questions/#who-was-paul and the question headings above,,
paul qroo spanish,50,57,Biography and general questions,/questions/#who-was-paul and the question headings above,,
paul rome,50,8,"Pharisee, Jew and Roman citizen",/questions/#was-paul-a-jew-and-a-pharisee and #was-paul-a-roman-citizen,,
paul said in the bible,50,28,Biography and general questions,/questions/#who-was-paul and the question headings above,,
paul the apostl,50,32,Biography and general questions,/questions/#who-was-paul and the question headings above,,
paul the bible character,50,21,Biography and general questions,/questions/#who-was-paul and the question headings above,,
paul the last apostle,50,30,Disciple or apostle status,/questions/#was-paul-one-of-the-twelve and #who-taught-paul,,
paul the roman citizen,50,22,"Pharisee, Jew and Roman citizen",/questions/#was-paul-a-jew-and-a-pharisee and #was-paul-a-roman-citizen,,
paul to,50,49,Biography and general questions,/questions/#who-was-paul and the question headings above,,
paul's martyrdom,50,19,Death and martyrdom,/questions/#how-did-paul-die; /the-charges/a-death-the-scriptures-never-record/,,
paul's mission,50,20,Biography and general questions,/questions/#who-was-paul and the question headings above,,
paul's persecution,50,17,Biography and general questions,/questions/#who-was-paul and the question headings above,,
paul1,50,30,Biography and general questions,/questions/#who-was-paul and the question headings above,,
peter paul apostles,50,23,Journeys and ministry,/questions/#how-many-times-was-paul-arrested and #why-was-paul-important-to-christianity,,
picture of paul,50,23,"Birth, family and background",/questions/#where-and-when-was-paul-born and #was-paul-married,,
picture of st paul,50,22,"Birth, family and background",/questions/#where-and-when-was-paul-born and #was-paul-married,,
pictures of paul the apostle,50,22,Biography and general questions,/questions/#who-was-paul and the question headings above,,
pictures of st. paul,50,26,Biography and general questions,/questions/#who-was-paul and the question headings above,,
sainr paul,50,50,Biography and general questions,/questions/#who-was-paul and the question headings above,,
saint oaul,50,37,Biography and general questions,/questions/#who-was-paul and the question headings above,,
saint paul definition,50,23,Name and meaning,/questions/#what-does-the-name-paul-mean,,
saint paul orthodox,50,43,Biography and general questions,/questions/#who-was-paul and the question headings above,,
saul bible paul,50,40,Conversion and Damascus road,"/questions/#are-saul-and-paul-the-same-person, #did-paul-kill-christians, #what-happened-on-the-road-to-damascus",,
saul in bible paul,50,36,Conversion and Damascus road,"/questions/#are-saul-and-paul-the-same-person, #did-paul-kill-christians, #what-happened-on-the-road-to-damascus",,
saul paul of tarsus,50,47,Conversion and Damascus road,"/questions/#are-saul-and-paul-the-same-person, #did-paul-kill-christians, #what-happened-on-the-road-to-damascus",,
saul persecution,50,20,Conversion and Damascus road,"/questions/#are-saul-and-paul-the-same-person, #did-paul-kill-christians, #what-happened-on-the-road-to-damascus",,
saul persecutor,50,13,Conversion and Damascus road,"/questions/#are-saul-and-paul-the-same-person, #did-paul-kill-christians, #what-happened-on-the-road-to-damascus",,
saul pharisee,50,12,Conversion and Damascus road,"/questions/#are-saul-and-paul-the-same-person, #did-paul-kill-christians, #what-happened-on-the-road-to-damascus",,
saul the persecutor,50,12,Conversion and Damascus road,"/questions/#are-saul-and-paul-the-same-person, #did-paul-kill-christians, #what-happened-on-the-road-to-damascus",,
saul the pharisee,50,13,Conversion and Damascus road,"/questions/#are-saul-and-paul-the-same-person, #did-paul-kill-christians, #what-happened-on-the-road-to-damascus",,
st paul autobiography,50,28,Biography and general questions,/questions/#who-was-paul and the question headings above,,
st paul in rome,50,42,"Pharisee, Jew and Roman citizen",/questions/#was-paul-a-jew-and-a-pharisee and #was-paul-a-roman-citizen,,
st paul life,50,30,Biography and general questions,/questions/#who-was-paul and the question headings above,,
st paul tarsus,50,31,Head terms (the subject itself),"Front page, /the-man/ and the site title (Paul of Tarsus, Apostle of Doom)",,
st paul's epistle,50,27,Writings and teaching,/questions/#what-books-did-paul-write and #what-did-paul-teach,,
st paul's original name,50,38,Biography and general questions,/questions/#who-was-paul and the question headings above,,
st pauls st,50,51,Biography and general questions,/questions/#who-was-paul and the question headings above,,
st. p,50,57,Biography and general questions,/questions/#who-was-paul and the question headings above,,
st. paul.,50,63,Biography and general questions,/questions/#who-was-paul and the question headings above,,
st. pual,50,52,Biography and general questions,/questions/#who-was-paul and the question headings above,,
st.p,50,91,Biography and general questions,/questions/#who-was-paul and the question headings above,,
story of saul paul,50,42,Conversion and Damascus road,"/questions/#are-saul-and-paul-the-same-person, #did-paul-kill-christians, #what-happened-on-the-road-to-damascus",,
story of saul paul in the bible,50,29,Conversion and Damascus road,"/questions/#are-saul-and-paul-the-same-person, #did-paul-kill-christians, #what-happened-on-the-road-to-damascus",,
the apostle paul in the bible,50,27,Biography and general questions,/questions/#who-was-paul and the question headings above,,
was apostle paul a pharisee,50,10,"Pharisee, Jew and Roman citizen",/questions/#was-paul-a-jew-and-a-pharisee and #was-paul-a-roman-citizen,,yes
was paul a apostle,50,31,Biography and general questions,/questions/#who-was-paul and the question headings above,,yes
was paul a pharisee before his conversion,50,23,Conversion and Damascus road,"/questions/#are-saul-and-paul-the-same-person, #did-paul-kill-christians, #what-happened-on-the-road-to-damascus",,yes
was paul an original apostle,50,24,Biography and general questions,/questions/#who-was-paul and the question headings above,,yes
was paul greek,50,24,Biography and general questions,/questions/#who-was-paul and the question headings above,,yes
was paul of the bible ever married,50,22,"Birth, family and background",/questions/#where-and-when-was-paul-born and #was-paul-married,,yes
was the apostle paul beheaded,50,31,Death and martyrdom,/questions/#how-did-paul-die; /the-charges/a-death-the-scriptures-never-record/,,yes
what did paul do before he met jesus,50,19,Did Paul meet Jesus,/questions/#did-paul-meet-jesus; journal entry /journal/2026/10/did-paul-ever-meet-jesus/,,yes
what does paul,50,21,Name and meaning,/questions/#what-does-the-name-paul-mean,,yes
what languages did paul speak,50,13,"Birth, family and background",/questions/#where-and-when-was-paul-born and #was-paul-married,,yes
whatutalkingboutwillis gregory writer,50,15,Biography and general questions,/questions/#who-was-paul and the question headings above,,
when saul became paul,50,37,Conversion and Damascus road,"/questions/#are-saul-and-paul-the-same-person, #did-paul-kill-christians, #what-happened-on-the-road-to-damascus",,yes
when was the apostle paul killed,50,38,Death and martyrdom,/questions/#how-did-paul-die; /the-charges/a-death-the-scriptures-never-record/,,yes
where did paul meet jesus,50,10,Did Paul meet Jesus,/questions/#did-paul-meet-jesus; journal entry /journal/2026/10/did-paul-ever-meet-jesus/,,yes
where did saint paul live,50,25,Biography and general questions,/questions/#who-was-paul and the question headings above,,yes
where did st paul live,50,24,Biography and general questions,/questions/#who-was-paul and the question headings above,,yes
where is apostle paul from,50,35,Biography and general questions,/questions/#who-was-paul and the question headings above,,yes
where was apostle paul from,50,42,Biography and general questions,/questions/#who-was-paul and the question headings above,,yes
where was paul killed,50,24,Death and martyrdom,/questions/#how-did-paul-die; /the-charges/a-death-the-scriptures-never-record/,,yes
which apostle killed christians,50,28,Death and martyrdom,/questions/#how-did-paul-die; /the-charges/a-death-the-scriptures-never-record/,,yes
who is paul in bible,50,20,Biography and general questions,/questions/#who-was-paul and the question headings above,,yes
who is paul the apostle in the bible,50,26,Biography and general questions,/questions/#who-was-paul and the question headings above,,yes
who is saul of tarsus in the bible,50,27,Conversion and Damascus road,"/questions/#are-saul-and-paul-the-same-person, #did-paul-kill-christians, #what-happened-on-the-road-to-damascus",,yes
who is the father of christianity,50,22,Founder of Christianity,/questions/#did-paul-found-christianity and #why-was-paul-important-to-christianity,,yes
who taught paul in the bible,50,30,Writings and teaching,/questions/#what-books-did-paul-write and #what-did-paul-teach,,yes
who was saul in the new testament,50,25,Conversion and Damascus road,"/questions/#are-saul-and-paul-the-same-person, #did-paul-kill-christians, #what-happened-on-the-road-to-damascus",,yes
why did god choose paul,50,9,Biography and general questions,/questions/#who-was-paul and the question headings above,,yes
why did paul persecute the christians,50,14,Biography and general questions,/questions/#who-was-paul and the question headings above,,yes
why was paul killed,50,24,Death and martyrdom,/questions/#how-did-paul-die; /the-charges/a-death-the-scriptures-never-record/,,yes
apolstle paul,40,34,Biography and general questions,/questions/#who-was-paul and the question headings above,,
apostle paul die,40,41,Death and martyrdom,/questions/#how-did-paul-die; /the-charges/a-death-the-scriptures-never-record/,,
apostle paul tattoo,40,23,Biography and general questions,/questions/#who-was-paul and the question headings above,,
apostle saint paul,40,33,Biography and general questions,/questions/#who-was-paul and the question headings above,,
apostles paul,40,27,Biography and general questions,/questions/#who-was-paul and the question headings above,,
biography of apostle paul,40,45,Biography and general questions,/questions/#who-was-paul and the question headings above,,
birth of st paul,40,29,"Birth, family and background",/questions/#where-and-when-was-paul-born and #was-paul-married,,
did paul wrote the bible,40,35,Writings and teaching,/questions/#what-books-did-paul-write and #what-did-paul-teach,,yes
did saul meet jesus,40,28,Did Paul meet Jesus,/questions/#did-paul-meet-jesus; journal entry /journal/2026/10/did-paul-ever-meet-jesus/,,yes
did the apostle paul die in rome,40,32,Death and martyrdom,/questions/#how-did-paul-die; /the-charges/a-death-the-scriptures-never-record/,,yes
disciples of paul,40,9,Disciple or apostle status,/questions/#was-paul-one-of-the-twelve and #who-taught-paul,,
does paul call himself an apostle,40,16,Biography and general questions,/questions/#who-was-paul and the question headings above,,yes
does paul mean small,40,22,Name and meaning,/questions/#what-does-the-name-paul-mean,,yes
ephesus paul,40,15,Journeys and ministry,/questions/#how-many-times-was-paul-arrested and #why-was-paul-important-to-christianity,,
facts about paul the apostle,40,23,Journeys and ministry,/questions/#how-many-times-was-paul-arrested and #why-was-paul-important-to-christianity,,
facts about the apostle paul,40,24,Journeys and ministry,/questions/#how-many-times-was-paul-arrested and #why-was-paul-important-to-christianity,,
greek meaning of paul,40,21,Name and meaning,/questions/#what-does-the-name-paul-mean,,
how about paul,40,31,Biography and general questions,/questions/#who-was-paul and the question headings above,,yes
how did paul influence early christianity,40,24,Founder of Christianity,/questions/#did-paul-found-christianity and #why-was-paul-important-to-christianity,,yes
how did paul the apostle die in the bible,40,37,Death and martyrdom,/questions/#how-did-paul-die; /the-charges/a-death-the-scriptures-never-record/,,yes
how old was paul when he saw jesus,40,14,Death and martyrdom,/questions/#how-did-paul-die; /the-charges/a-death-the-scriptures-never-record/,,yes
how was paul important to the early development of christianity,40,24,Founder of Christianity,/questions/#did-paul-found-christianity and #why-was-paul-important-to-christianity,,yes
how was paul sent to italy,40,6,Biography and general questions,/questions/#who-was-paul and the question headings above,,yes
image of paul the apostle,40,21,"Birth, family and background",/questions/#where-and-when-was-paul-born and #was-paul-married,,
is there a paul 2,40,22,Biography and general questions,/questions/#who-was-paul and the question headings above,,yes
jesus saul,40,19,Conversion and Damascus road,"/questions/#are-saul-and-paul-the-same-person, #did-paul-kill-christians, #what-happened-on-the-road-to-damascus",,
life of the apostle paul,40,39,Biography and general questions,/questions/#who-was-paul and the question headings above,,
ministry st paul,40,8,Journeys and ministry,/questions/#how-many-times-was-paul-arrested and #why-was-paul-important-to-christianity,,
paiul,40,52,Biography and general questions,/questions/#who-was-paul and the question headings above,,
paual,40,47,Biography and general questions,/questions/#who-was-paul and the question headings above,,
paul a disciple,40,23,Disciple or apostle status,/questions/#was-paul-one-of-the-twelve and #who-taught-paul,,
paul baptism,40,11,Biography and general questions,/questions/#who-was-paul and the question headings above,,
paul cornelius,40,6,Biography and general questions,/questions/#who-was-paul and the question headings above,,
paul craig net worth,40,48,Biography and general questions,/questions/#who-was-paul and the question headings above,,
paul crucified,40,38,Biography and general questions,/questions/#who-was-paul and the question headings above,,
paul crucifixion,40,13,Biography and general questions,/questions/#who-was-paul and the question headings above,,
paul definition world history,40,44,Name and meaning,/questions/#what-does-the-name-paul-mean,,
paul greek meaning,40,28,Name and meaning,/questions/#what-does-the-name-paul-mean,,
paul meaning in greek,40,28,Name and meaning,/questions/#what-does-the-name-paul-mean,,
paul mitchell three shampoo,40,57,Biography and general questions,/questions/#who-was-paul and the question headings above,,
paul occupation in the bible,40,21,"Birth, family and background",/questions/#where-and-when-was-paul-born and #was-paul-married,,
paul on israel,40,11,"Pharisee, Jew and Roman citizen",/questions/#was-paul-a-jew-and-a-pharisee and #was-paul-a-roman-citizen,,
paul or,40,37,Biography and general questions,/questions/#who-was-paul and the question headings above,,
paul pal,40,16,Biography and general questions,/questions/#who-was-paul and the question headings above,,
paul selling,40,23,Biography and general questions,/questions/#who-was-paul and the question headings above,,
paul speak,40,21,Biography and general questions,/questions/#who-was-paul and the question headings above,,
paul spread christianity,40,48,Founder of Christianity,/questions/#did-paul-found-christianity and #why-was-paul-important-to-christianity,,
paul spreading christianity,40,21,Founder of Christianity,/questions/#did-paul-found-christianity and #why-was-paul-important-to-christianity,,
paul the apostle facts,40,30,Journeys and ministry,/questions/#how-many-times-was-paul-arrested and #why-was-paul-important-to-christianity,,
paul the false apostle,40,13,Disciple or apostle status,/questions/#was-paul-one-of-the-twelve and #who-taught-paul,,
paul the village,40,20,"Birth, family and background",/questions/#where-and-when-was-paul-born and #was-paul-married,,
paul work,40,26,Biography and general questions,/questions/#who-was-paul and the question headings above,,
paul's life,40,36,Biography and general questions,/questions/#who-was-paul and the question headings above,,
paul's life timeline,40,25,Journeys and ministry,/questions/#how-many-times-was-paul-arrested and #why-was-paul-important-to-christianity,,
paul's occupation,40,28,"Birth, family and background",/questions/#where-and-when-was-paul-born and #was-paul-married,,
paul's occupation in the bible,40,9,"Birth, family and background",/questions/#where-and-when-was-paul-born and #was-paul-married,,
paul's works,40,,Biography and general questions,/questions/#who-was-paul and the question headings above,,
paulinist,40,38,Biography and general questions,/questions/#who-was-paul and the question headings above,,
saint pauk,40,29,Biography and general questions,/questions/#who-was-paul and the question headings above,,
saint paul birth,40,22,"Birth, family and background",/questions/#where-and-when-was-paul-born and #was-paul-married,,
saint paul born,40,18,"Birth, family and background",/questions/#where-and-when-was-paul-born and #was-paul-married,,
saint paul cartoon,40,23,Biography and general questions,/questions/#who-was-paul and the question headings above,,
saint paul journey,40,,Journeys and ministry,/questions/#how-many-times-was-paul-arrested and #why-was-paul-important-to-christianity,,
saint paul meaning,40,24,Name and meaning,/questions/#what-does-the-name-paul-mean,,
saint paul's death,40,32,Death and martyrdom,/questions/#how-did-paul-die; /the-charges/a-death-the-scriptures-never-record/,,
saint paulus,40,48,Biography and general questions,/questions/#who-was-paul and the question headings above,,
sant paul,40,66,Biography and general questions,/questions/#who-was-paul and the question headings above,,
saul and jesus,40,19,Conversion and Damascus road,"/questions/#are-saul-and-paul-the-same-person, #did-paul-kill-christians, #what-happened-on-the-road-to-damascus",,
saul and paul bible story,40,33,Conversion and Damascus road,"/questions/#are-saul-and-paul-the-same-person, #did-paul-kill-christians, #what-happened-on-the-road-to-damascus",,
saul in the new testament,40,39,Conversion and Damascus road,"/questions/#are-saul-and-paul-the-same-person, #did-paul-kill-christians, #what-happened-on-the-road-to-damascus",,
saul jesus,40,47,Conversion and Damascus road,"/questions/#are-saul-and-paul-the-same-person, #did-paul-kill-christians, #what-happened-on-the-road-to-damascus",,
saul met jesus,40,19,Did Paul meet Jesus,/questions/#did-paul-meet-jesus; journal entry /journal/2026/10/did-paul-ever-meet-jesus/,,
saul paul bible story,40,26,Conversion and Damascus road,"/questions/#are-saul-and-paul-the-same-person, #did-paul-kill-christians, #what-happened-on-the-road-to-damascus",,
saul paul story,40,26,Conversion and Damascus road,"/questions/#are-saul-and-paul-the-same-person, #did-paul-kill-christians, #what-happened-on-the-road-to-damascus",,
saul story,40,24,Conversion and Damascus road,"/questions/#are-saul-and-paul-the-same-person, #did-paul-kill-christians, #what-happened-on-the-road-to-damascus",,
saul to paul bible story,40,24,Conversion and Damascus road,"/questions/#are-saul-and-paul-the-same-person, #did-paul-kill-christians, #what-happened-on-the-road-to-damascus",,
saul to paul story in the bible,40,24,Conversion and Damascus road,"/questions/#are-saul-and-paul-the-same-person, #did-paul-kill-christians, #what-happened-on-the-road-to-damascus",,
saul/paul of tarsus,40,,Conversion and Damascus road,"/questions/#are-saul-and-paul-the-same-person, #did-paul-kill-christians, #what-happened-on-the-road-to-damascus",,
set paul,40,35,Biography and general questions,/questions/#who-was-paul and the question headings above,,
st pauk,40,60,Biography and general questions,/questions/#who-was-paul and the question headings above,,
st paul birth,40,17,"Birth, family and background",/questions/#where-and-when-was-paul-born and #was-paul-married,,
st paul born,40,15,"Birth, family and background",/questions/#where-and-when-was-paul-born and #was-paul-married,,
st paul in spain,40,25,Biography and general questions,/questions/#who-was-paul and the question headings above,,
st paul meaning,40,37,Name and meaning,/questions/#what-does-the-name-paul-mean,,
st paul ministry,40,63,Journeys and ministry,/questions/#how-many-times-was-paul-arrested and #why-was-paul-important-to-christianity,,
st paul spain,40,23,Biography and general questions,/questions/#who-was-paul and the question headings above,,
st paul the apostle racine,40,16,Biography and general questions,/questions/#who-was-paul and the question headings above,,
st paul video,40,46,Biography and general questions,/questions/#who-was-paul and the question headings above,,
st paul's life,40,40,Biography and general questions,/questions/#who-was-paul and the question headings above,,
story of paul in bible,40,29,Biography and general questions,/questions/#who-was-paul and the question headings above,,
tell me about paul the apostle,40,,Biography and general questions,/questions/#who-was-paul and the question headings above,,
the chosen saul,40,20,Disciple or apostle status,/questions/#was-paul-one-of-the-twelve and #who-taught-paul,,
the story of saul to paul,40,26,Conversion and Damascus road,"/questions/#are-saul-and-paul-the-same-person, #did-paul-kill-christians, #what-happened-on-the-road-to-damascus",,
timeline of apostle paul's life,40,19,Journeys and ministry,/questions/#how-many-times-was-paul-arrested and #why-was-paul-important-to-christianity,,
timeline of the apostle paul,40,20,Journeys and ministry,/questions/#how-many-times-was-paul-arrested and #why-was-paul-important-to-christianity,,
was paul a martyr,40,32,Death and martyrdom,/questions/#how-did-paul-die; /the-charges/a-death-the-scriptures-never-record/,,yes
was paul jew or gentile,40,16,"Pharisee, Jew and Roman citizen",/questions/#was-paul-a-jew-and-a-pharisee and #was-paul-a-roman-citizen,,yes
was paul jewish or roman,40,23,"Pharisee, Jew and Roman citizen",/questions/#was-paul-a-jew-and-a-pharisee and #was-paul-a-roman-citizen,,yes
was paul not an apostle,40,23,Biography and general questions,/questions/#who-was-paul and the question headings above,,yes
was paul the apostle a jew,40,13,"Pharisee, Jew and Roman citizen",/questions/#was-paul-a-jew-and-a-pharisee and #was-paul-a-roman-citizen,,yes
what did apostle paul do,40,31,Biography and general questions,/questions/#who-was-paul and the question headings above,,yes
what did paul do wrong,40,17,"Criticism, Islam and truth","/questions/#was-paul-a-real-person, #does-islam-mention-paul, #what-did-paul-do-wrong",,yes
what does the name paul mean in hebrew,40,24,Name and meaning,/questions/#what-does-the-name-paul-mean,,yes
what happened to paul in bible,40,31,Biography and general questions,/questions/#who-was-paul and the question headings above,,yes
what happened to saul paul in the bible,40,38,Conversion and Damascus road,"/questions/#are-saul-and-paul-the-same-person, #did-paul-kill-christians, #what-happened-on-the-road-to-damascus",,yes
what happens to paul in the bible,40,30,Biography and general questions,/questions/#who-was-paul and the question headings above,,yes
what was apostle paul's name before,40,37,Biography and general questions,/questions/#who-was-paul and the question headings above,,yes
what was paul's job in the bible,40,11,"Birth, family and background",/questions/#where-and-when-was-paul-born and #was-paul-married,,yes
what was paul's name before he became a christian,40,25,Conversion and Damascus road,"/questions/#are-saul-and-paul-the-same-person, #did-paul-kill-christians, #what-happened-on-the-road-to-damascus",,yes
what's the story of paul in the bible,40,31,Biography and general questions,/questions/#who-was-paul and the question headings above,,yes
when did saul's name changed to paul,40,32,Conversion and Damascus road,"/questions/#are-saul-and-paul-the-same-person, #did-paul-kill-christians, #what-happened-on-the-road-to-damascus",,yes
when does paul die,40,,Death and martyrdom,/questions/#how-did-paul-die; /the-charges/a-death-the-scriptures-never-record/,,yes
when was paul made,40,37,Biography and general questions,/questions/#who-was-paul and the question headings above,,yes
when was saint paul canonized,40,13,Biography and general questions,/questions/#who-was-paul and the question headings above,,yes
when was st paul canonized,40,4,Biography and general questions,/questions/#who-was-paul and the question headings above,,yes
where in the bible does paul say,40,4,Biography and general questions,/questions/#who-was-paul and the question headings above,,yes
where is paul's story in the bible,40,20,Biography and general questions,/questions/#who-was-paul and the question headings above,,yes
where is st paul from,40,32,Biography and general questions,/questions/#who-was-paul and the question headings above,,yes
where was paul born bible,40,45,"Birth, family and background",/questions/#where-and-when-was-paul-born and #was-paul-married,,yes
where was saul born,40,20,Conversion and Damascus road,"/questions/#are-saul-and-paul-the-same-person, #did-paul-kill-christians, #what-happened-on-the-road-to-damascus",,yes
where was st paul from,40,21,Biography and general questions,/questions/#who-was-paul and the question headings above,,yes
which disciple murdered someone,40,20,Disciple or apostle status,/questions/#was-paul-one-of-the-twelve and #who-taught-paul,,yes
which disciple was a murderer,40,5,Disciple or apostle status,/questions/#was-paul-one-of-the-twelve and #who-taught-paul,,yes
who discipled paul,40,12,Disciple or apostle status,/questions/#was-paul-one-of-the-twelve and #who-taught-paul,,yes
who is paul of tarsus,40,25,Biography and general questions,/questions/#who-was-paul and the question headings above,,yes
who is saul of tarsus,40,27,Conversion and Damascus road,"/questions/#are-saul-and-paul-the-same-person, #did-paul-kill-christians, #what-happened-on-the-road-to-damascus",,yes
who killed paul the apostle,40,25,Death and martyrdom,/questions/#how-did-paul-die; /the-charges/a-death-the-scriptures-never-record/,,yes
who the founder of christianity,40,21,Founder of Christianity,/questions/#did-paul-found-christianity and #why-was-paul-important-to-christianity,,yes
who was saint paul the apostle,40,26,Biography and general questions,/questions/#who-was-paul and the question headings above,,yes
who wrote paul,40,40,Writings and teaching,/questions/#what-books-did-paul-write and #what-did-paul-teach,,yes
why did paul convert to christianity,40,16,Founder of Christianity,/questions/#did-paul-found-christianity and #why-was-paul-important-to-christianity,,yes
will there be a paul 2,40,21,Biography and general questions,/questions/#who-was-paul and the question headings above,,yes
باول,40,51,Biography and general questions,/questions/#who-was-paul and the question headings above,,
apostle paul in greece,30,,Biography and general questions,/questions/#who-was-paul and the question headings above,,
apostle paul in rome,30,15,"Pharisee, Jew and Roman citizen",/questions/#was-paul-a-jew-and-a-pharisee and #was-paul-a-roman-citizen,,
define paul of tarsus,30,40,Biography and general questions,/questions/#who-was-paul and the question headings above,,
paul of rome,30,18,"Pharisee, Jew and Roman citizen",/questions/#was-paul-a-jew-and-a-pharisee and #was-paul-a-roman-citizen,,
paul of tarsus definition,30,40,Name and meaning,/questions/#what-does-the-name-paul-mean,,
paul travel,30,35,Journeys and ministry,/questions/#how-many-times-was-paul-arrested and #why-was-paul-important-to-christianity,,
paul's story in bible,30,33,Biography and general questions,/questions/#who-was-paul and the question headings above,,
saint paul in athens,30,14,Journeys and ministry,/questions/#how-many-times-was-paul-arrested and #why-was-paul-important-to-christianity,,
st paul in bible,30,21,Biography and general questions,/questions/#who-was-paul and the question headings above,,
st paull,30,59,Biography and general questions,/questions/#who-was-paul and the question headings above,,
st. paul of tarsus,30,,Head terms (the subject itself),"Front page, /the-man/ and the site title (Paul of Tarsus, Apostle of Doom)",,
the story of paul the apostle,30,32,Biography and general questions,/questions/#who-was-paul and the question headings above,,
apostle paul of tarsus,20,,Biography and general questions,/questions/#who-was-paul and the question headings above,,
biography of st paul of tarsus,20,32,Biography and general questions,/questions/#who-was-paul and the question headings above,,
conversion of paul of tarsus,20,,Conversion and Damascus road,"/questions/#are-saul-and-paul-the-same-person, #did-paul-kill-christians, #what-happened-on-the-road-to-damascus",,
death of paul of tarsus,20,43,Death and martyrdom,/questions/#how-did-paul-die; /the-charges/a-death-the-scriptures-never-record/,,
did paul of tarsus kill christians,20,17,Death and martyrdom,/questions/#how-did-paul-die; /the-charges/a-death-the-scriptures-never-record/,,yes
did paul of tarsus know jesus,20,,Did Paul meet Jesus,/questions/#did-paul-meet-jesus; journal entry /journal/2026/10/did-paul-ever-meet-jesus/,,yes
did paul of tarsus meet jesus,20,,Did Paul meet Jesus,/questions/#did-paul-meet-jesus; journal entry /journal/2026/10/did-paul-ever-meet-jesus/,,yes
facts about paul of tarsus,20,,Journeys and ministry,/questions/#how-many-times-was-paul-arrested and #why-was-paul-important-to-christianity,,
historical paul of tarsus,20,,Biography and general questions,/questions/#who-was-paul and the question headings above,,
historicity of paul of tarsus,20,,Biography and general questions,/questions/#who-was-paul and the question headings above,,
history of paul of tarsus,20,,Biography and general questions,/questions/#who-was-paul and the question headings above,,
how did paul of tarsus help to spread christianity,20,,Founder of Christianity,/questions/#did-paul-found-christianity and #why-was-paul-important-to-christianity,,yes
how did paul of tarsus spread christianity,20,,Founder of Christianity,/questions/#did-paul-found-christianity and #why-was-paul-important-to-christianity,,yes
how did st paul of tarsus die,20,,Death and martyrdom,/questions/#how-did-paul-die; /the-charges/a-death-the-scriptures-never-record/,,yes
how was paul of tarsus killed,20,,Death and martyrdom,/questions/#how-did-paul-die; /the-charges/a-death-the-scriptures-never-record/,,yes
is saul of tarsus paul,20,,Conversion and Damascus road,"/questions/#are-saul-and-paul-the-same-person, #did-paul-kill-christians, #what-happened-on-the-road-to-damascus",,yes
life of paul of tarsus,20,,Biography and general questions,/questions/#who-was-paul and the question headings above,,
paul of tarsus ap world history,20,,Biography and general questions,/questions/#who-was-paul and the question headings above,,
paul of tarsus believed that,20,,"Criticism, Islam and truth","/questions/#was-paul-a-real-person, #does-islam-mention-paul, #what-did-paul-do-wrong",,
paul of tarsus bible verse,20,,Biography and general questions,/questions/#who-was-paul and the question headings above,,
paul of tarsus biography,20,,Biography and general questions,/questions/#who-was-paul and the question headings above,,
paul of tarsus birth,20,,"Birth, family and background",/questions/#where-and-when-was-paul-born and #was-paul-married,,
paul of tarsus birth date,20,,"Birth, family and background",/questions/#where-and-when-was-paul-born and #was-paul-married,,
paul of tarsus blind,20,,Conversion and Damascus road,"/questions/#are-saul-and-paul-the-same-person, #did-paul-kill-christians, #what-happened-on-the-road-to-damascus",,
paul of tarsus book,20,,Writings and teaching,/questions/#what-books-did-paul-write and #what-did-paul-teach,,
paul of tarsus contribution to christianity,20,,Founder of Christianity,/questions/#did-paul-found-christianity and #why-was-paul-important-to-christianity,,
paul of tarsus conversion,20,,Conversion and Damascus road,"/questions/#are-saul-and-paul-the-same-person, #did-paul-kill-christians, #what-happened-on-the-road-to-damascus",,
paul of tarsus death,20,,Death and martyrdom,/questions/#how-did-paul-die; /the-charges/a-death-the-scriptures-never-record/,,
paul of tarsus documentary,20,,Biography and general questions,/questions/#who-was-paul and the question headings above,,
paul of tarsus early life,20,,"Birth, family and background",/questions/#where-and-when-was-paul-born and #was-paul-married,,
paul of tarsus facts,20,,Journeys and ministry,/questions/#how-many-times-was-paul-arrested and #why-was-paul-important-to-christianity,,
paul of tarsus history,20,,Biography and general questions,/questions/#who-was-paul and the question headings above,,
paul of tarsus in the bible,20,,Biography and general questions,/questions/#who-was-paul and the question headings above,,
paul of tarsus journeys,20,,Journeys and ministry,/questions/#how-many-times-was-paul-arrested and #why-was-paul-important-to-christianity,,
paul of tarsus letters,20,,Writings and teaching,/questions/#what-books-did-paul-write and #what-did-paul-teach,,
paul of tarsus meaning,20,,Name and meaning,/questions/#what-does-the-name-paul-mean,,
paul of tarsus missionary journeys,20,,Journeys and ministry,/questions/#how-many-times-was-paul-arrested and #why-was-paul-important-to-christianity,,
paul of tarsus quotes,20,,Writings and teaching,/questions/#what-books-did-paul-write and #what-did-paul-teach,,
paul of tarsus significance,20,,Biography and general questions,/questions/#who-was-paul and the question headings above,,
paul of tarsus story,20,,Biography and general questions,/questions/#who-was-paul and the question headings above,,
paul of tarsus taught that all followers of jesus,20,,Writings and teaching,/questions/#what-books-did-paul-write and #what-did-paul-teach,,
paul of tarsus teachings,20,,Writings and teaching,/questions/#what-books-did-paul-write and #what-did-paul-teach,,
paul of tarsus timeline,20,,Journeys and ministry,/questions/#how-many-times-was-paul-arrested and #why-was-paul-important-to-christianity,,
paul the apostle of tarsus,20,,Biography and general questions,/questions/#who-was-paul and the question headings above,,
saul of tarsus paul the apostle,20,,Conversion and Damascus road,"/questions/#are-saul-and-paul-the-same-person, #did-paul-kill-christians, #what-happened-on-the-road-to-damascus",,
st paul of tarsus biography,20,,Biography and general questions,/questions/#who-was-paul and the question headings above,,
st paul of tarsus directory,20,,Biography and general questions,/questions/#who-was-paul and the question headings above,,
st paul of tarsus facts,20,,Journeys and ministry,/questions/#how-many-times-was-paul-arrested and #why-was-paul-important-to-christianity,,
st paul of tarsus fish fry,20,,Biography and general questions,/questions/#who-was-paul and the question headings above,,
st paul of tarsus photos,20,,"Birth, family and background",/questions/#where-and-when-was-paul-born and #was-paul-married,,
st paul saul of tarsus,20,,Conversion and Damascus road,"/questions/#are-saul-and-paul-the-same-person, #did-paul-kill-christians, #what-happened-on-the-road-to-damascus",,
story of paul of tarsus,20,,Biography and general questions,/questions/#who-was-paul and the question headings above,,
the bible paul of tarsus,20,,Biography and general questions,/questions/#who-was-paul and the question headings above,,
the life of paul of tarsus,20,,Biography and general questions,/questions/#who-was-paul and the question headings above,,
the story of paul of tarsus,20,,Biography and general questions,/questions/#who-was-paul and the question headings above,,
timeline of paul of tarsus,20,,Journeys and ministry,/questions/#how-many-times-was-paul-arrested and #why-was-paul-important-to-christianity,,
was paul of tarsus a jew,20,,"Pharisee, Jew and Roman citizen",/questions/#was-paul-a-jew-and-a-pharisee and #was-paul-a-roman-citizen,,yes
was paul of tarsus an apostle,20,,Biography and general questions,/questions/#who-was-paul and the question headings above,,yes
was paul of tarsus married,20,,"Birth, family and background",/questions/#where-and-when-was-paul-born and #was-paul-married,,yes
what did paul of tarsus do,20,,Biography and general questions,/questions/#who-was-paul and the question headings above,,yes
what did paul of tarsus look like,20,,"Birth, family and background",/questions/#where-and-when-was-paul-born and #was-paul-married,,yes
what happened to paul of tarsus,20,,Biography and general questions,/questions/#who-was-paul and the question headings above,,yes
what is paul of tarsus,20,,Biography and general questions,/questions/#who-was-paul and the question headings above,,yes
what tribe was paul of tarsus from,20,,Biography and general questions,/questions/#who-was-paul and the question headings above,,yes
what was paul of tarsus known for,20,,Biography and general questions,/questions/#who-was-paul and the question headings above,,yes
when did paul of tarsus die,20,,Death and martyrdom,/questions/#how-did-paul-die; /the-charges/a-death-the-scriptures-never-record/,,yes
when did paul of tarsus live,20,,Biography and general questions,/questions/#who-was-paul and the question headings above,,yes
when did saul of tarsus became paul,20,,Conversion and Damascus road,"/questions/#are-saul-and-paul-the-same-person, #did-paul-kill-christians, #what-happened-on-the-road-to-damascus",,yes
when was paul of tarsus born,20,,"Birth, family and background",/questions/#where-and-when-was-paul-born and #was-paul-married,,yes
where was paul of tarsus born,20,,"Birth, family and background",/questions/#where-and-when-was-paul-born and #was-paul-married,,yes
who baptized paul of tarsus,20,,Biography and general questions,/questions/#who-was-paul and the question headings above,,yes
who is st paul of tarsus,20,,Biography and general questions,/questions/#who-was-paul and the question headings above,,yes
who played paul of tarsus in the bible,20,,Biography and general questions,/questions/#who-was-paul and the question headings above,,yes
who taught paul of tarsus,20,,Writings and teaching,/questions/#what-books-did-paul-write and #what-did-paul-teach,,yes
who was paul of tarsus and what did he do,20,,Biography and general questions,/questions/#who-was-paul and the question headings above,,yes
who was paul of tarsus and why was he important,20,,Writings and teaching,/questions/#what-books-did-paul-write and #what-did-paul-teach,,yes
who was paul of tarsus in the bible,20,,Biography and general questions,/questions/#who-was-paul and the question headings above,,yes
who was st paul of tarsus,20,,Biography and general questions,/questions/#who-was-paul and the question headings above,,yes
why is paul of tarsus important to christianity,20,,Founder of Christianity,/questions/#did-paul-found-christianity and #why-was-paul-important-to-christianity,,yes
why was paul of tarsus important,20,,Writings and teaching,/questions/#what-books-did-paul-write and #what-did-paul-teach,,yes
how old was paul of tarsus when he died,10,,Death and martyrdom,/questions/#how-did-paul-die; /the-charges/a-death-the-scriptures-never-record/,,yes
st paul of tarsus church photos,10,,"Birth, family and background",/questions/#where-and-when-was-paul-born and #was-paul-married,,
st paul of tarsus quotes,10,,Writings and teaching,/questions/#what-books-did-paul-write and #what-did-paul-teach,,
10 fun facts about paul of tarsus,0,,Journeys and ministry,/questions/#how-many-times-was-paul-arrested and #why-was-paul-important-to-christianity,,
5 facts about paul of tarsus,0,,Journeys and ministry,/questions/#how-many-times-was-paul-arrested and #why-was-paul-important-to-christianity,,
a chosen vessel a play of paul of tarsus,0,,Disciple or apostle status,/questions/#was-paul-one-of-the-twelve and #who-taught-paul,,yes
a chosen vessel waldorf a play of paul of tarsus,0,,Disciple or apostle status,/questions/#was-paul-one-of-the-twelve and #who-taught-paul,,yes
account of paul of tarsus,0,,Biography and general questions,/questions/#who-was-paul and the question headings above,,
ad the bible continues paul of tarsus,0,,Biography and general questions,/questions/#who-was-paul and the question headings above,,
age of paul tarsus at death,0,,Death and martyrdom,/questions/#how-did-paul-die; /the-charges/a-death-the-scriptures-never-record/,,
alex henderson is government sick paul of tarsus suggests it,0,,Biography and general questions,/questions/#who-was-paul and the question headings above,,
all about st paul of tarsus,0,,Biography and general questions,/questions/#who-was-paul and the question headings above,,
apollonius paul of tarsus,0,,Biography and general questions,/questions/#who-was-paul and the question headings above,,
apostel paul of tarsus map,0,,Journeys and ministry,/questions/#how-many-times-was-paul-arrested and #why-was-paul-important-to-christianity,,
apostle paul healed saul of tarsus,0,,Conversion and Damascus road,"/questions/#are-saul-and-paul-the-same-person, #did-paul-kill-christians, #what-happened-on-the-road-to-damascus",,
apostle paul left his village of tarsus,0,,"Birth, family and background",/questions/#where-and-when-was-paul-born and #was-paul-married,,
apostle paul saul of tarsus,0,,Conversion and Damascus road,"/questions/#are-saul-and-paul-the-same-person, #did-paul-kill-christians, #what-happened-on-the-road-to-damascus",,
assess the impact of paul of tarsus on christianity,0,,Founder of Christianity,/questions/#did-paul-found-christianity and #why-was-paul-important-to-christianity,,
author who wrote book about paul of tarsus,0,,Writings and teaching,/questions/#what-books-did-paul-write and #what-did-paul-teach,,
autobiography of paul of tarsus,0,,Biography and general questions,/questions/#who-was-paul and the question headings above,,
background of paul of tarsus,0,,"Birth, family and background",/questions/#where-and-when-was-paul-born and #was-paul-married,,
background of paul of tarsus peer reviewed,0,,"Birth, family and background",/questions/#where-and-when-was-paul-born and #was-paul-married,,
because of paul of tarsus,0,,Biography and general questions,/questions/#who-was-paul and the question headings above,,
before his conversion paul of tarsus was a pharisee,0,,Conversion and Damascus road,"/questions/#are-saul-and-paul-the-same-person, #did-paul-kill-christians, #what-happened-on-the-road-to-damascus",,
bible commentary-was paul saul of tarsus,0,,Conversion and Damascus road,"/questions/#are-saul-and-paul-the-same-person, #did-paul-kill-christians, #what-happened-on-the-road-to-damascus",,
bible commentary-was paul saul of tarsus ever married,0,,Conversion and Damascus road,"/questions/#are-saul-and-paul-the-same-person, #did-paul-kill-christians, #what-happened-on-the-road-to-damascus",,
bible new testament romans 1 13 17 paul of tarsus,0,,"Pharisee, Jew and Roman citizen",/questions/#was-paul-a-jew-and-a-pharisee and #was-paul-a-roman-citizen,,
biblical paul of tarsus,0,26,Biography and general questions,/questions/#who-was-paul and the question headings above,,
biblical sociology paul of tarsus community,0,,Biography and general questions,/questions/#who-was-paul and the question headings above,,
biography of saint paul of tarsus,0,13,Biography and general questions,/questions/#who-was-paul and the question headings above,,
book critical of paul of tarsus,0,,Writings and teaching,/questions/#what-books-did-paul-write and #what-did-paul-teach,,
books written by paul of tarsus,0,7,Writings and teaching,/questions/#what-books-did-paul-write and #what-did-paul-teach,,
bored of studies paul of tarsus,0,,Biography and general questions,/questions/#who-was-paul and the question headings above,,
canonization of saint paul of tarsus,0,20,Biography and general questions,/questions/#who-was-paul and the question headings above,,
chapter 11 key terms ap world history paul of tarsus,0,,Biography and general questions,/questions/#who-was-paul and the question headings above,,
christianity paul of tarsus,0,,Founder of Christianity,/questions/#did-paul-found-christianity and #why-was-paul-important-to-christianity,,
chronological mentions of paul of tarsus in the bible,0,,Journeys and ministry,/questions/#how-many-times-was-paul-arrested and #why-was-paul-important-to-christianity,,
current academic studies of saint paul of tarsus,0,,Biography and general questions,/questions/#who-was-paul and the question headings above,,
death of apostle paul of tarsus,0,,Death and martyrdom,/questions/#how-did-paul-die; /the-charges/a-death-the-scriptures-never-record/,,
death of st paul of tarsus,0,,Death and martyrdom,/questions/#how-did-paul-die; /the-charges/a-death-the-scriptures-never-record/,,
definition of paul tarsus,0,,Name and meaning,/questions/#what-does-the-name-paul-mean,,
did paul of tarsus,0,,Biography and general questions,/questions/#who-was-paul and the question headings above,,yes
did paul of tarsus exist,0,,Biography and general questions,/questions/#who-was-paul and the question headings above,,yes
did paul of tarsus have a son,0,,Biography and general questions,/questions/#who-was-paul and the question headings above,,yes
did paul of tarsus invent christianity,0,,Founder of Christianity,/questions/#did-paul-found-christianity and #why-was-paul-important-to-christianity,,yes
did paul of tarsus know any of the apostles,0,,Biography and general questions,/questions/#who-was-paul and the question headings above,,yes
did paul of tarsus love the jewish people,0,,"Pharisee, Jew and Roman citizen",/questions/#was-paul-a-jew-and-a-pharisee and #was-paul-a-roman-citizen,,yes
did paul of tarsus make stuff up,0,,Biography and general questions,/questions/#who-was-paul and the question headings above,,yes
did saul of tarsus change his name to paul,0,,Conversion and Damascus road,"/questions/#are-saul-and-paul-the-same-person, #did-paul-kill-christians, #what-happened-on-the-road-to-damascus",,yes
during the time paul of tarsus was active,0,,Biography and general questions,/questions/#who-was-paul and the question headings above,,
during the time paul of tarsus was active course hero,0,,Biography and general questions,/questions/#who-was-paul and the question headings above,,
earliest manuscript reference to paul of tarsus,0,,"Criticism, Islam and truth","/questions/#was-paul-a-real-person, #does-islam-mention-paul, #what-did-paul-do-wrong",,
early life of paul of tarsus,0,,"Birth, family and background",/questions/#where-and-when-was-paul-born and #was-paul-married,,
effect of paul of tarsus,0,,Biography and general questions,/questions/#who-was-paul and the question headings above,,
evaluate the impact of st. paul of tarsus on christianity,0,,Founder of Christianity,/questions/#did-paul-found-christianity and #why-was-paul-important-to-christianity,,
facts about st paul of tarsus,0,,Journeys and ministry,/questions/#how-many-times-was-paul-arrested and #why-was-paul-important-to-christianity,,
gates of st paul tarsus,0,,Biography and general questions,/questions/#who-was-paul and the question headings above,,
greece and rome paul of tarsus,0,,"Pharisee, Jew and Roman citizen",/questions/#was-paul-a-jew-and-a-pharisee and #was-paul-a-roman-citizen,,
historical evidence of paul of tarsus,0,,Biography and general questions,/questions/#who-was-paul and the question headings above,,
history channel the bible paul of tarsus,0,,Biography and general questions,/questions/#who-was-paul and the question headings above,,
history of saint paul of tarsus,0,,Biography and general questions,/questions/#who-was-paul and the question headings above,,
history of st paul of tarsus,0,,Biography and general questions,/questions/#who-was-paul and the question headings above,,
history roman persecutor paul of tarsus real,0,,"Pharisee, Jew and Roman citizen",/questions/#was-paul-a-jew-and-a-pharisee and #was-paul-a-roman-citizen,,
how did paul of tarsus,0,,Biography and general questions,/questions/#who-was-paul and the question headings above,,yes
how did paul of tarsus become a roman citizen,0,,"Pharisee, Jew and Roman citizen",/questions/#was-paul-a-jew-and-a-pharisee and #was-paul-a-roman-citizen,,yes
how did paul of tarsus become a saint,0,,Biography and general questions,/questions/#who-was-paul and the question headings above,,yes
how did paul of tarsus influence early christianity,0,,Founder of Christianity,/questions/#did-paul-found-christianity and #why-was-paul-important-to-christianity,,yes
how did paul of tarsus understand the role of grace,0,,Writings and teaching,/questions/#what-books-did-paul-write and #what-did-paul-teach,,yes
how did saul of tarsus became paul the apostle,0,,Conversion and Damascus road,"/questions/#are-saul-and-paul-the-same-person, #did-paul-kill-christians, #what-happened-on-the-road-to-damascus",,yes
how did saul of tarsus became st paul,0,,Conversion and Damascus road,"/questions/#are-saul-and-paul-the-same-person, #did-paul-kill-christians, #what-happened-on-the-road-to-damascus",,yes
how did st paul of tarsus became a saint,0,,Biography and general questions,/questions/#who-was-paul and the question headings above,,yes
how old was paul of tarsus when he was converted,0,,Conversion and Damascus road,"/questions/#are-saul-and-paul-the-same-person, #did-paul-kill-christians, #what-happened-on-the-road-to-damascus",,yes
how tall was paul of tarsus,0,,Biography and general questions,/questions/#who-was-paul and the question headings above,,yes
how was paul of tarsus a roman citizen,0,,"Pharisee, Jew and Roman citizen",/questions/#was-paul-a-jew-and-a-pharisee and #was-paul-a-roman-citizen,,yes
how was paul of tarsus converted to christianity,0,,Conversion and Damascus road,"/questions/#are-saul-and-paul-the-same-person, #did-paul-kill-christians, #what-happened-on-the-road-to-damascus",,yes
how was saint paul of tarsus canonized,0,,Biography and general questions,/questions/#who-was-paul and the question headings above,,yes
image of paul of tarsus,0,,"Birth, family and background",/questions/#where-and-when-was-paul-born and #was-paul-married,,
impact of paul of tarsus on christianity,0,,Founder of Christianity,/questions/#did-paul-found-christianity and #why-was-paul-important-to-christianity,,
importance of saul of tarsus paul in the bible,0,,Conversion and Damascus road,"/questions/#are-saul-and-paul-the-same-person, #did-paul-kill-christians, #what-happened-on-the-road-to-damascus",,
in which scripture saul of tarsus was first called paul,0,,Conversion and Damascus road,"/questions/#are-saul-and-paul-the-same-person, #did-paul-kill-christians, #what-happened-on-the-road-to-damascus",,
influences of paul of tarsus,0,,Writings and teaching,/questions/#what-books-did-paul-write and #what-did-paul-teach,,
information about st paul of tarsus,0,,Biography and general questions,/questions/#who-was-paul and the question headings above,,
interesting facts about paul of tarsus,0,,Journeys and ministry,/questions/#how-many-times-was-paul-arrested and #why-was-paul-important-to-christianity,,
is paul of tarsus same christian to write in bible,0,,Biography and general questions,/questions/#who-was-paul and the question headings above,,yes
is paul of tarsus saul,0,,Conversion and Damascus road,"/questions/#are-saul-and-paul-the-same-person, #did-paul-kill-christians, #what-happened-on-the-road-to-damascus",,yes
is paul the apostle paul of tarsus,0,,Biography and general questions,/questions/#who-was-paul and the question headings above,,yes
jesus of nazareth twelve disciples apostle paul of tarsus,0,,Disciple or apostle status,/questions/#was-paul-one-of-the-twelve and #who-taught-paul,,
joseph holzner paul of tarsus,0,,Biography and general questions,/questions/#who-was-paul and the question headings above,,
journeys of paul of tarsus,0,,Journeys and ministry,/questions/#how-many-times-was-paul-arrested and #why-was-paul-important-to-christianity,,
kids map of pauls journey to tarsus,0,,Journeys and ministry,/questions/#how-many-times-was-paul-arrested and #why-was-paul-important-to-christianity,,
king david as compared to paul of tarsus,0,,Biography and general questions,/questions/#who-was-paul and the question headings above,,
letter from birmingham jail paul of tarsus,0,,Death and martyrdom,/questions/#how-did-paul-die; /the-charges/a-death-the-scriptures-never-record/,,
letters of paul of tarsus,0,,Writings and teaching,/questions/#what-books-did-paul-write and #what-did-paul-teach,,
letters written by paul of tarsus,0,,Writings and teaching,/questions/#what-books-did-paul-write and #what-did-paul-teach,,
life and letter of paul of tarsus,0,,Writings and teaching,/questions/#what-books-did-paul-write and #what-did-paul-teach,,
life and letters of paul of tarsus,0,,Writings and teaching,/questions/#what-books-did-paul-write and #what-did-paul-teach,,
life history of paul of tarsus,0,,Biography and general questions,/questions/#who-was-paul and the question headings above,,
life of st paul of tarsus,0,,Biography and general questions,/questions/#who-was-paul and the question headings above,,
life story of paul of tarsus,0,,Biography and general questions,/questions/#who-was-paul and the question headings above,,
lineage of paul of tarsus,0,,"Birth, family and background",/questions/#where-and-when-was-paul-born and #was-paul-married,,
list of authors of books critical of paul of tarsus,0,,Writings and teaching,/questions/#what-books-did-paul-write and #what-did-paul-teach,,
map of judea to tarsus paul,0,,Journeys and ministry,/questions/#how-many-times-was-paul-arrested and #why-was-paul-important-to-christianity,,
map of paul from ceasarea to tarsus,0,,Journeys and ministry,/questions/#how-many-times-was-paul-arrested and #why-was-paul-important-to-christianity,,
map paul of tarsus,0,,Journeys and ministry,/questions/#how-many-times-was-paul-arrested and #why-was-paul-important-to-christianity,,
marti luther king jr paul of tarsus similarities,0,,Biography and general questions,/questions/#who-was-paul and the question headings above,,
miracles of st paul of tarsus,0,,Biography and general questions,/questions/#who-was-paul and the question headings above,,
missionary paul of tarsus,0,,Journeys and ministry,/questions/#how-many-times-was-paul-arrested and #why-was-paul-important-to-christianity,,
modern day telling of saul tarsus paul,0,,Conversion and Damascus road,"/questions/#are-saul-and-paul-the-same-person, #did-paul-kill-christians, #what-happened-on-the-road-to-damascus",,
modern day telling of saul tarsus paul novel,0,,Conversion and Damascus road,"/questions/#are-saul-and-paul-the-same-person, #did-paul-kill-christians, #what-happened-on-the-road-to-damascus",,
paul from tarsus knowledge of the bible,0,,Biography and general questions,/questions/#who-was-paul and the question headings above,,
paul of samosata is paul of tarsus,0,,Biography and general questions,/questions/#who-was-paul and the question headings above,,
paul of tarsus 3 missionary journeys,0,,Journeys and ministry,/questions/#how-many-times-was-paul-arrested and #why-was-paul-important-to-christianity,,
paul of tarsus 36 ad,0,,Biography and general questions,/questions/#who-was-paul and the question headings above,,
paul of tarsus 64 ad,0,,Biography and general questions,/questions/#who-was-paul and the question headings above,,
paul of tarsus a visionary life edward stourton,0,,Conversion and Damascus road,"/questions/#are-saul-and-paul-the-same-person, #did-paul-kill-christians, #what-happened-on-the-road-to-damascus",,
paul of tarsus achievements,0,28,Biography and general questions,/questions/#who-was-paul and the question headings above,,
paul of tarsus agape,0,,Biography and general questions,/questions/#who-was-paul and the question headings above,,
paul of tarsus alan moore,0,,Biography and general questions,/questions/#who-was-paul and the question headings above,,
paul of tarsus ancient rome,0,26,"Pharisee, Jew and Roman citizen",/questions/#was-paul-a-jew-and-a-pharisee and #was-paul-a-roman-citizen,,
paul of tarsus and baptism,0,7,Biography and general questions,/questions/#who-was-paul and the question headings above,,
paul of tarsus and christianity,0,,Founder of Christianity,/questions/#did-paul-found-christianity and #why-was-paul-important-to-christianity,,
paul of tarsus and gamaliel,0,,"Criticism, Islam and truth","/questions/#was-paul-a-real-person, #does-islam-mention-paul, #what-did-paul-do-wrong",,
paul of tarsus and greeks,0,3,Biography and general questions,/questions/#who-was-paul and the question headings above,,
paul of tarsus and kippah,0,,Biography and general questions,/questions/#who-was-paul and the question headings above,,
paul of tarsus and kippah orthodox church,0,,Biography and general questions,/questions/#who-was-paul and the question headings above,,
paul of tarsus and luke,0,,Biography and general questions,/questions/#who-was-paul and the question headings above,,
paul of tarsus and the epistle to the romans,0,25,"Pharisee, Jew and Roman citizen",/questions/#was-paul-a-jew-and-a-pharisee and #was-paul-a-roman-citizen,,
paul of tarsus anxiety,0,,Biography and general questions,/questions/#who-was-paul and the question headings above,,
paul of tarsus apostle to the gentiles,0,30,Journeys and ministry,/questions/#how-many-times-was-paul-arrested and #why-was-paul-important-to-christianity,,
paul of tarsus as an existentialist thinker,0,,Biography and general questions,/questions/#who-was-paul and the question headings above,,
paul of tarsus baptism,0,,Biography and general questions,/questions/#who-was-paul and the question headings above,,
paul of tarsus baptism quotes,0,,Writings and teaching,/questions/#what-books-did-paul-write and #what-did-paul-teach,,
paul of tarsus bbc,0,,Biography and general questions,/questions/#who-was-paul and the question headings above,,
paul of tarsus beating,0,,Biography and general questions,/questions/#who-was-paul and the question headings above,,
paul of tarsus became a christian when,0,,Conversion and Damascus road,"/questions/#are-saul-and-paul-the-same-person, #did-paul-kill-christians, #what-happened-on-the-road-to-damascus",,
paul of tarsus became a christian when ____,0,,Conversion and Damascus road,"/questions/#are-saul-and-paul-the-same-person, #did-paul-kill-christians, #what-happened-on-the-road-to-damascus",,
paul of tarsus before conversion,0,,Conversion and Damascus road,"/questions/#are-saul-and-paul-the-same-person, #did-paul-kill-christians, #what-happened-on-the-road-to-damascus",,
paul of tarsus beliefs,0,,"Criticism, Islam and truth","/questions/#was-paul-a-real-person, #does-islam-mention-paul, #what-did-paul-do-wrong",,
paul of tarsus believed christianity,0,,Founder of Christianity,/questions/#did-paul-found-christianity and #why-was-paul-important-to-christianity,,
paul of tarsus believed christianity should be preached,0,,Founder of Christianity,/questions/#did-paul-found-christianity and #why-was-paul-important-to-christianity,,
paul of tarsus bible,0,,Biography and general questions,/questions/#who-was-paul and the question headings above,,
paul of tarsus bible quotes,0,,Writings and teaching,/questions/#what-books-did-paul-write and #what-did-paul-teach,,
paul of tarsus biography summary,0,,Biography and general questions,/questions/#who-was-paul and the question headings above,,
paul of tarsus birth and death,0,,Death and martyrdom,/questions/#how-did-paul-die; /the-charges/a-death-the-scriptures-never-record/,,
paul of tarsus birth and death date,0,,Death and martyrdom,/questions/#how-did-paul-die; /the-charges/a-death-the-scriptures-never-record/,,
paul of tarsus book comic book,0,,Writings and teaching,/questions/#what-books-did-paul-write and #what-did-paul-teach,,
paul of tarsus books of the bible,0,,Writings and teaching,/questions/#what-books-did-paul-write and #what-did-paul-teach,,
paul of tarsus bored of studies,0,,Biography and general questions,/questions/#who-was-paul and the question headings above,,
paul of tarsus born,0,,"Birth, family and background",/questions/#where-and-when-was-paul-born and #was-paul-married,,
paul of tarsus brainy quotes,0,,Writings and teaching,/questions/#what-books-did-paul-write and #what-did-paul-teach,,
paul of tarsus brother of peter,0,,Journeys and ministry,/questions/#how-many-times-was-paul-arrested and #why-was-paul-important-to-christianity,,
paul of tarsus by panayotis coutsoumpos,0,,Biography and general questions,/questions/#who-was-paul and the question headings above,,
paul of tarsus celibacy,0,,Biography and general questions,/questions/#who-was-paul and the question headings above,,
paul of tarsus christianity,0,,Founder of Christianity,/questions/#did-paul-found-christianity and #why-was-paul-important-to-christianity,,
paul of tarsus clipart,0,,Biography and general questions,/questions/#who-was-paul and the question headings above,,
paul of tarsus co founder of,0,,Founder of Christianity,/questions/#did-paul-found-christianity and #why-was-paul-important-to-christianity,,
paul of tarsus co founder religion,0,,Founder of Christianity,/questions/#did-paul-found-christianity and #why-was-paul-important-to-christianity,,
paul of tarsus cofounded,0,,Founder of Christianity,/questions/#did-paul-found-christianity and #why-was-paul-important-to-christianity,,
paul of tarsus cofounder,0,,Founder of Christianity,/questions/#did-paul-found-christianity and #why-was-paul-important-to-christianity,,
paul of tarsus collection nt right,0,,Biography and general questions,/questions/#who-was-paul and the question headings above,,
paul of tarsus collection nt wright,0,,Biography and general questions,/questions/#who-was-paul and the question headings above,,
paul of tarsus collections,0,,Biography and general questions,/questions/#who-was-paul and the question headings above,,
paul of tarsus contribution,0,,Biography and general questions,/questions/#who-was-paul and the question headings above,,
paul of tarsus contribution to philosophy,0,,Biography and general questions,/questions/#who-was-paul and the question headings above,,
paul of tarsus conversion experience,0,,Conversion and Damascus road,"/questions/#are-saul-and-paul-the-same-person, #did-paul-kill-christians, #what-happened-on-the-road-to-damascus",,
paul of tarsus conversion to christianity,0,,Conversion and Damascus road,"/questions/#are-saul-and-paul-the-same-person, #did-paul-kill-christians, #what-happened-on-the-road-to-damascus",,
paul of tarsus craft,0,,Biography and general questions,/questions/#who-was-paul and the question headings above,,
paul of tarsus crucifixion,0,,Biography and general questions,/questions/#who-was-paul and the question headings above,,
paul of tarsus date,0,,Biography and general questions,/questions/#who-was-paul and the question headings above,,
paul of tarsus dates,0,,Biography and general questions,/questions/#who-was-paul and the question headings above,,
paul of tarsus definition ap world history,0,,Name and meaning,/questions/#what-does-the-name-paul-mean,,
paul of tarsus definition world history,0,,Name and meaning,/questions/#what-does-the-name-paul-mean,,
paul of tarsus disagrees with peter,0,,Journeys and ministry,/questions/#how-many-times-was-paul-arrested and #why-was-paul-important-to-christianity,,
paul of tarsus doctrines,0,,Writings and teaching,/questions/#what-books-did-paul-write and #what-did-paul-teach,,
paul of tarsus education,0,,Biography and general questions,/questions/#who-was-paul and the question headings above,,
paul of tarsus environmental ethics,0,,Biography and general questions,/questions/#who-was-paul and the question headings above,,
paul of tarsus epistle to the romans,0,,"Pharisee, Jew and Roman citizen",/questions/#was-paul-a-jew-and-a-pharisee and #was-paul-a-roman-citizen,,
paul of tarsus executed,0,,Death and martyrdom,/questions/#how-did-paul-die; /the-charges/a-death-the-scriptures-never-record/,,
paul of tarsus fall of the horse,0,,Biography and general questions,/questions/#who-was-paul and the question headings above,,
paul of tarsus fall of the horse to draw,0,,Biography and general questions,/questions/#who-was-paul and the question headings above,,
paul of tarsus family tree,0,,"Birth, family and background",/questions/#where-and-when-was-paul-born and #was-paul-married,,
paul of tarsus famous quotes,0,,Writings and teaching,/questions/#what-books-did-paul-write and #what-did-paul-teach,,
paul of tarsus fear,0,,Biography and general questions,/questions/#who-was-paul and the question headings above,,
paul of tarsus final years and death,0,,Death and martyrdom,/questions/#how-did-paul-die; /the-charges/a-death-the-scriptures-never-record/,,
paul of tarsus first journey,0,,Journeys and ministry,/questions/#how-many-times-was-paul-arrested and #why-was-paul-important-to-christianity,,
paul of tarsus first missionary journey,0,,Journeys and ministry,/questions/#how-many-times-was-paul-arrested and #why-was-paul-important-to-christianity,,
paul of tarsus flat earth,0,,Biography and general questions,/questions/#who-was-paul and the question headings above,,
paul of tarsus founder of christianity,0,,Founder of Christianity,/questions/#did-paul-found-christianity and #why-was-paul-important-to-christianity,,
paul of tarsus fraud,0,,"Criticism, Islam and truth","/questions/#was-paul-a-real-person, #does-islam-mention-paul, #what-did-paul-do-wrong",,
paul of tarsus fresco painting,0,,Biography and general questions,/questions/#who-was-paul and the question headings above,,
paul of tarsus fun facts,0,,Journeys and ministry,/questions/#how-many-times-was-paul-arrested and #why-was-paul-important-to-christianity,,
paul of tarsus gift,0,,Biography and general questions,/questions/#who-was-paul and the question headings above,,
paul of tarsus gnostic,0,,Biography and general questions,/questions/#who-was-paul and the question headings above,,
paul of tarsus helped the spread of christianity by,0,,Founder of Christianity,/questions/#did-paul-found-christianity and #why-was-paul-important-to-christianity,,
paul of tarsus helped to attract non-jews to christianity by,0,,Founder of Christianity,/questions/#did-paul-found-christianity and #why-was-paul-important-to-christianity,,
paul of tarsus heretic,0,,"Criticism, Islam and truth","/questions/#was-paul-a-real-person, #does-islam-mention-paul, #what-did-paul-do-wrong",,
paul of tarsus heritage,0,,"Birth, family and background",/questions/#where-and-when-was-paul-born and #was-paul-married,,
paul of tarsus historical,0,,Biography and general questions,/questions/#who-was-paul and the question headings above,,
paul of tarsus historical evidence,0,,Biography and general questions,/questions/#who-was-paul and the question headings above,,
paul of tarsus historicity,0,,Biography and general questions,/questions/#who-was-paul and the question headings above,,
paul of tarsus how did he die,0,,Death and martyrdom,/questions/#how-did-paul-die; /the-charges/a-death-the-scriptures-never-record/,,
paul of tarsus how he died,0,,Death and martyrdom,/questions/#how-did-paul-die; /the-charges/a-death-the-scriptures-never-record/,,
paul of tarsus ideas,0,,Biography and general questions,/questions/#who-was-paul and the question headings above,,
paul of tarsus impact on christianity,0,,Founder of Christianity,/questions/#did-paul-found-christianity and #why-was-paul-important-to-christianity,,
paul of tarsus importance,0,,Biography and general questions,/questions/#who-was-paul and the question headings above,,
paul of tarsus importance regrading sexuality,0,,Biography and general questions,/questions/#who-was-paul and the question headings above,,
paul of tarsus imprisonment,0,,Death and martyrdom,/questions/#how-did-paul-die; /the-charges/a-death-the-scriptures-never-record/,,
paul of tarsus in a sentence,0,,Biography and general questions,/questions/#who-was-paul and the question headings above,,
paul of tarsus in arabia,0,,Biography and general questions,/questions/#who-was-paul and the question headings above,,
paul of tarsus in arabic,0,,Biography and general questions,/questions/#who-was-paul and the question headings above,,
paul of tarsus in islam,0,,"Criticism, Islam and truth","/questions/#was-paul-a-real-person, #does-islam-mention-paul, #what-did-paul-do-wrong",,
paul of tarsus in new testament,0,,Writings and teaching,/questions/#what-books-did-paul-write and #what-did-paul-teach,,
paul of tarsus interpreting scripture,0,,Biography and general questions,/questions/#who-was-paul and the question headings above,,
paul of tarsus is most famous for,0,,Biography and general questions,/questions/#who-was-paul and the question headings above,,
paul of tarsus is what religion,0,,Founder of Christianity,/questions/#did-paul-found-christianity and #why-was-paul-important-to-christianity,,
paul of tarsus jail,0,,Death and martyrdom,/questions/#how-did-paul-die; /the-charges/a-death-the-scriptures-never-record/,,
paul of tarsus jail cell,0,,Death and martyrdom,/questions/#how-did-paul-die; /the-charges/a-death-the-scriptures-never-record/,,
paul of tarsus jail cell phillipi,0,,Death and martyrdom,/questions/#how-did-paul-die; /the-charges/a-death-the-scriptures-never-record/,,
paul of tarsus jail cell phillipo,0,,Death and martyrdom,/questions/#how-did-paul-die; /the-charges/a-death-the-scriptures-never-record/,,
paul of tarsus jerusalem,0,,Journeys and ministry,/questions/#how-many-times-was-paul-arrested and #why-was-paul-important-to-christianity,,
paul of tarsus kjv,0,,Biography and general questions,/questions/#who-was-paul and the question headings above,,
paul of tarsus knocked off horse,0,,Biography and general questions,/questions/#who-was-paul and the question headings above,,
paul of tarsus know jesus,0,,Did Paul meet Jesus,/questions/#did-paul-meet-jesus; journal entry /journal/2026/10/did-paul-ever-meet-jesus/,,
paul of tarsus lds,0,,Biography and general questions,/questions/#who-was-paul and the question headings above,,
paul of tarsus letter language,0,,"Birth, family and background",/questions/#where-and-when-was-paul-born and #was-paul-married,,
paul of tarsus letter to the galatians,0,,Writings and teaching,/questions/#what-books-did-paul-write and #what-did-paul-teach,,
paul of tarsus letter to the galatians summary,0,,Writings and teaching,/questions/#what-books-did-paul-write and #what-did-paul-teach,,
paul of tarsus list of credentials,0,,Biography and general questions,/questions/#who-was-paul and the question headings above,,
paul of tarsus love,0,,Biography and general questions,/questions/#who-was-paul and the question headings above,,
paul of tarsus love is patient,0,,Biography and general questions,/questions/#who-was-paul and the question headings above,,
paul of tarsus love quote,0,,Writings and teaching,/questions/#what-books-did-paul-write and #what-did-paul-teach,,
paul of tarsus make christianity,0,,Founder of Christianity,/questions/#did-paul-found-christianity and #why-was-paul-important-to-christianity,,
paul of tarsus map,0,,Journeys and ministry,/questions/#how-many-times-was-paul-arrested and #why-was-paul-important-to-christianity,,
paul of tarsus marriage,0,,"Birth, family and background",/questions/#where-and-when-was-paul-born and #was-paul-married,,
paul of tarsus missionary work,0,,Journeys and ministry,/questions/#how-many-times-was-paul-arrested and #why-was-paul-important-to-christianity,,
paul of tarsus murder,0,,Biography and general questions,/questions/#who-was-paul and the question headings above,,
paul of tarsus name in islam,0,,"Criticism, Islam and truth","/questions/#was-paul-a-real-person, #does-islam-mention-paul, #what-did-paul-do-wrong",,
paul of tarsus nt,0,,Biography and general questions,/questions/#who-was-paul and the question headings above,,
paul of tarsus off eyes,0,,Biography and general questions,/questions/#who-was-paul and the question headings above,,
paul of tarsus on women,0,,"Criticism, Islam and truth","/questions/#was-paul-a-real-person, #does-islam-mention-paul, #what-did-paul-do-wrong",,
paul of tarsus outline,0,,Biography and general questions,/questions/#who-was-paul and the question headings above,,
paul of tarsus painting,0,,Biography and general questions,/questions/#who-was-paul and the question headings above,,
paul of tarsus paul of tarsus,0,,Biography and general questions,/questions/#who-was-paul and the question headings above,,
paul of tarsus paul the apostle,0,,Biography and general questions,/questions/#who-was-paul and the question headings above,,
paul of tarsus pharisee,0,,"Pharisee, Jew and Roman citizen",/questions/#was-paul-a-jew-and-a-pharisee and #was-paul-a-roman-citizen,,
paul of tarsus philosophy,0,,Biography and general questions,/questions/#who-was-paul and the question headings above,,
paul of tarsus preaching in athens,0,,Journeys and ministry,/questions/#how-many-times-was-paul-arrested and #why-was-paul-important-to-christianity,,
paul of tarsus prezi,0,,Biography and general questions,/questions/#who-was-paul and the question headings above,,
paul of tarsus primary sources,0,,Writings and teaching,/questions/#what-books-did-paul-write and #what-did-paul-teach,,
paul of tarsus prophet,0,,Biography and general questions,/questions/#who-was-paul and the question headings above,,
paul of tarsus quotes love,0,,Writings and teaching,/questions/#what-books-did-paul-write and #what-did-paul-teach,,
paul of tarsus rationalwiki,0,,Biography and general questions,/questions/#who-was-paul and the question headings above,,
paul of tarsus religion,0,,Founder of Christianity,/questions/#did-paul-found-christianity and #why-was-paul-important-to-christianity,,
paul of tarsus resume,0,,Biography and general questions,/questions/#who-was-paul and the question headings above,,
paul of tarsus rhetoric,0,,Biography and general questions,/questions/#who-was-paul and the question headings above,,
paul of tarsus road to damascus,0,,Conversion and Damascus road,"/questions/#are-saul-and-paul-the-same-person, #did-paul-kill-christians, #what-happened-on-the-road-to-damascus",,
paul of tarsus roman citizen,0,,"Pharisee, Jew and Roman citizen",/questions/#was-paul-a-jew-and-a-pharisee and #was-paul-a-roman-citizen,,
paul of tarsus romans,0,,"Pharisee, Jew and Roman citizen",/questions/#was-paul-a-jew-and-a-pharisee and #was-paul-a-roman-citizen,,
paul of tarsus rome,0,,"Pharisee, Jew and Roman citizen",/questions/#was-paul-a-jew-and-a-pharisee and #was-paul-a-roman-citizen,,
paul of tarsus route,0,,Biography and general questions,/questions/#who-was-paul and the question headings above,,
paul of tarsus saint paul,0,,Biography and general questions,/questions/#who-was-paul and the question headings above,,
paul of tarsus salvation,0,,Writings and teaching,/questions/#what-books-did-paul-write and #what-did-paul-teach,,
paul of tarsus salvation quotes,0,,Writings and teaching,/questions/#what-books-did-paul-write and #what-did-paul-teach,,
paul of tarsus sarcophagus,0,,Biography and general questions,/questions/#who-was-paul and the question headings above,,
paul of tarsus schizophrenia,0,,Biography and general questions,/questions/#who-was-paul and the question headings above,,
paul of tarsus scripture,0,,Biography and general questions,/questions/#who-was-paul and the question headings above,,
paul of tarsus sees jesus,0,,Biography and general questions,/questions/#who-was-paul and the question headings above,,
paul of tarsus self loathing jew,0,,"Pharisee, Jew and Roman citizen",/questions/#was-paul-a-jew-and-a-pharisee and #was-paul-a-roman-citizen,,
paul of tarsus sermon,0,,Biography and general questions,/questions/#who-was-paul and the question headings above,,
paul of tarsus shipwrecked,0,,Journeys and ministry,/questions/#how-many-times-was-paul-arrested and #why-was-paul-important-to-christianity,,
paul of tarsus song,0,,Biography and general questions,/questions/#who-was-paul and the question headings above,,
paul of tarsus spiritist society,0,,Biography and general questions,/questions/#who-was-paul and the question headings above,,
paul of tarsus stoned stephen,0,,Biography and general questions,/questions/#who-was-paul and the question headings above,,
paul of tarsus stoning at ephesus,0,,Journeys and ministry,/questions/#how-many-times-was-paul-arrested and #why-was-paul-important-to-christianity,,
paul of tarsus studies of religion,0,,Founder of Christianity,/questions/#did-paul-found-christianity and #why-was-paul-important-to-christianity,,
paul of tarsus synonym,0,,Biography and general questions,/questions/#who-was-paul and the question headings above,,
paul of tarsus teachings only for jews,0,,Writings and teaching,/questions/#what-books-did-paul-write and #what-did-paul-teach,,
paul of tarsus tentmaker,0,,"Birth, family and background",/questions/#where-and-when-was-paul-born and #was-paul-married,,
paul of tarsus the bible history channel,0,,Biography and general questions,/questions/#who-was-paul and the question headings above,,
paul of tarsus the tent maker,0,,Biography and general questions,/questions/#who-was-paul and the question headings above,,
paul of tarsus theology,0,,Writings and teaching,/questions/#what-books-did-paul-write and #what-did-paul-teach,,
paul of tarsus third missionary journey,0,,Journeys and ministry,/questions/#how-many-times-was-paul-arrested and #why-was-paul-important-to-christianity,,
paul of tarsus time period,0,,Biography and general questions,/questions/#who-was-paul and the question headings above,,
paul of tarsus title,0,,Biography and general questions,/questions/#who-was-paul and the question headings above,,
paul of tarsus to draw,0,,Biography and general questions,/questions/#who-was-paul and the question headings above,,
paul of tarsus tomb,0,,Biography and general questions,/questions/#who-was-paul and the question headings above,,
paul of tarsus used these to help spread christianity,0,,Founder of Christianity,/questions/#did-paul-found-christianity and #why-was-paul-important-to-christianity,,
paul of tarsus view on unjust law,0,,Writings and teaching,/questions/#what-books-did-paul-write and #what-did-paul-teach,,
paul of tarsus views on sex,0,,Biography and general questions,/questions/#who-was-paul and the question headings above,,
paul of tarsus vision painting,0,,Conversion and Damascus road,"/questions/#are-saul-and-paul-the-same-person, #did-paul-kill-christians, #what-happened-on-the-road-to-damascus",,
paul of tarsus vs peter,0,,Journeys and ministry,/questions/#how-many-times-was-paul-arrested and #why-was-paul-important-to-christianity,,
paul of tarsus was a,0,,Biography and general questions,/questions/#who-was-paul and the question headings above,,
paul of tarsus was known to preach to,0,,Journeys and ministry,/questions/#how-many-times-was-paul-arrested and #why-was-paul-important-to-christianity,,
paul of tarsus was known to preach to who,0,,Journeys and ministry,/questions/#how-many-times-was-paul-arrested and #why-was-paul-important-to-christianity,,
paul of tarsus what is his legacy,0,,Writings and teaching,/questions/#what-books-did-paul-write and #what-did-paul-teach,,
paul of tarsus worry,0,,Biography and general questions,/questions/#who-was-paul and the question headings above,,
paul of tarsus worry losing converts,0,,Biography and general questions,/questions/#who-was-paul and the question headings above,,
paul of tarsus writings,0,,Biography and general questions,/questions/#who-was-paul and the question headings above,,
paul of tarsus wrote epistles,0,,Writings and teaching,/questions/#what-books-did-paul-write and #what-did-paul-teach,,
paul of tarsus youtube,0,,Biography and general questions,/questions/#who-was-paul and the question headings above,,
paul of tarsus 意思,0,,Biography and general questions,/questions/#who-was-paul and the question headings above,,
paul of tarsus's execution,0,,Death and martyrdom,/questions/#how-did-paul-die; /the-charges/a-death-the-scriptures-never-record/,,
paul of tarsuspaul of tarsus,0,,Biography and general questions,/questions/#who-was-paul and the question headings above,,
paul of the tarsus,0,,Biography and general questions,/questions/#who-was-paul and the question headings above,,
paul of.tarsus,0,,Biography and general questions,/questions/#who-was-paul and the question headings above,,
paul saul of tarsus art,0,,Conversion and Damascus road,"/questions/#are-saul-and-paul-the-same-person, #did-paul-kill-christians, #what-happened-on-the-road-to-damascus",,
paul saul of tarsus biography,0,,Conversion and Damascus road,"/questions/#are-saul-and-paul-the-same-person, #did-paul-kill-christians, #what-happened-on-the-road-to-damascus",,
paul saul of tarsus life,0,,Conversion and Damascus road,"/questions/#are-saul-and-paul-the-same-person, #did-paul-kill-christians, #what-happened-on-the-road-to-damascus",,
paul the saul of tarsus,0,,Conversion and Damascus road,"/questions/#are-saul-and-paul-the-same-person, #did-paul-kill-christians, #what-happened-on-the-road-to-damascus",,
paul.of tarsus,0,,Biography and general questions,/questions/#who-was-paul and the question headings above,,
peaceful paul of tarsus quotes,0,,Writings and teaching,/questions/#what-books-did-paul-write and #what-did-paul-teach,,
peter and paul of tarsus,0,,Journeys and ministry,/questions/#how-many-times-was-paul-arrested and #why-was-paul-important-to-christianity,,
philip bonnette st paul of tarsus,0,,Biography and general questions,/questions/#who-was-paul and the question headings above,,
philosophy of paul of tarsus,0,,Biography and general questions,/questions/#who-was-paul and the question headings above,,
quotes of paul of tarsus,0,,Writings and teaching,/questions/#what-books-did-paul-write and #what-did-paul-teach,,
quotes of st paul of tarsus,0,,Writings and teaching,/questions/#what-books-did-paul-write and #what-did-paul-teach,,
reuben and paul of tarsus,0,,Biography and general questions,/questions/#who-was-paul and the question headings above,,
revuews for st paul of tarsus,0,,Biography and general questions,/questions/#who-was-paul and the question headings above,,
ruben and paul of tarsus,0,,Biography and general questions,/questions/#who-was-paul and the question headings above,,
saint paul of tarsus costume,0,,Biography and general questions,/questions/#who-was-paul and the question headings above,,
saint paul of tarsus definition,0,,Name and meaning,/questions/#what-does-the-name-paul-mean,,
saint paul of tarsus facts,0,,Journeys and ministry,/questions/#how-many-times-was-paul-arrested and #why-was-paul-important-to-christianity,,
saint paul saul of tarsus,0,,Conversion and Damascus road,"/questions/#are-saul-and-paul-the-same-person, #did-paul-kill-christians, #what-happened-on-the-road-to-damascus",,
sanhedrin paul of tarsus,0,,Biography and general questions,/questions/#who-was-paul and the question headings above,,
saul of tarsus a biography of the apostle paul,0,,Conversion and Damascus road,"/questions/#are-saul-and-paul-the-same-person, #did-paul-kill-christians, #what-happened-on-the-road-to-damascus",,
saul of tarsus and paul the apostle,0,,Conversion and Damascus road,"/questions/#are-saul-and-paul-the-same-person, #did-paul-kill-christians, #what-happened-on-the-road-to-damascus",,
saul of tarsus became paul,0,,Conversion and Damascus road,"/questions/#are-saul-and-paul-the-same-person, #did-paul-kill-christians, #what-happened-on-the-road-to-damascus",,
saul of tarsus becomes paul,0,,Conversion and Damascus road,"/questions/#are-saul-and-paul-the-same-person, #did-paul-kill-christians, #what-happened-on-the-road-to-damascus",,
saul of tarsus conversion to paul,0,,Conversion and Damascus road,"/questions/#are-saul-and-paul-the-same-person, #did-paul-kill-christians, #what-happened-on-the-road-to-damascus",,
saul of tarsus paul importance in the bible,0,,Conversion and Damascus road,"/questions/#are-saul-and-paul-the-same-person, #did-paul-kill-christians, #what-happened-on-the-road-to-damascus",,
saul of tarsus paul was his greek name,0,,Conversion and Damascus road,"/questions/#are-saul-and-paul-the-same-person, #did-paul-kill-christians, #what-happened-on-the-road-to-damascus",,
saul of tarsus renamed paul,0,,Conversion and Damascus road,"/questions/#are-saul-and-paul-the-same-person, #did-paul-kill-christians, #what-happened-on-the-road-to-damascus",,
saul of tarsus to paul,0,,Conversion and Damascus road,"/questions/#are-saul-and-paul-the-same-person, #did-paul-kill-christians, #what-happened-on-the-road-to-damascus",,
significance of paul of tarsus,0,,Biography and general questions,/questions/#who-was-paul and the question headings above,,
simon magus paul of tarsus,0,,Biography and general questions,/questions/#who-was-paul and the question headings above,,
simon peter and paul of tarsus,0,,Journeys and ministry,/questions/#how-many-times-was-paul-arrested and #why-was-paul-important-to-christianity,,
simply said st paul of tarsus,0,,Biography and general questions,/questions/#who-was-paul and the question headings above,,
skeptical books on paul of tarsus,0,,Writings and teaching,/questions/#what-books-did-paul-write and #what-did-paul-teach,,
small map of paul's birthplace tarsus,0,,"Birth, family and background",/questions/#where-and-when-was-paul-born and #was-paul-married,,
st paul of tarsus 10 67 a.d,0,,Biography and general questions,/questions/#who-was-paul and the question headings above,,
st paul of tarsus 10 67 a.d tv show,0,,Biography and general questions,/questions/#who-was-paul and the question headings above,,
st paul of tarsus ash wednesday,0,,Biography and general questions,/questions/#who-was-paul and the question headings above,,
st paul of tarsus baptism,0,,Biography and general questions,/questions/#who-was-paul and the question headings above,,
st paul of tarsus bible,0,,Biography and general questions,/questions/#who-was-paul and the question headings above,,
st paul of tarsus born and death,0,,Death and martyrdom,/questions/#how-did-paul-die; /the-charges/a-death-the-scriptures-never-record/,,
st paul of tarsus born and death date,0,,Death and martyrdom,/questions/#how-did-paul-die; /the-charges/a-death-the-scriptures-never-record/,,
st paul of tarsus catechism,0,,Biography and general questions,/questions/#who-was-paul and the question headings above,,
st paul of tarsus church father ron,0,,Biography and general questions,/questions/#who-was-paul and the question headings above,,
st paul of tarsus death,0,,Death and martyrdom,/questions/#how-did-paul-die; /the-charges/a-death-the-scriptures-never-record/,,
st paul of tarsus definition,0,,Name and meaning,/questions/#what-does-the-name-paul-mean,,
st paul of tarsus facebook,0,,Writings and teaching,/questions/#what-books-did-paul-write and #what-did-paul-teach,,
st paul of tarsus history,0,,Biography and general questions,/questions/#who-was-paul and the question headings above,,
st paul of tarsus journeys,0,,Journeys and ministry,/questions/#how-many-times-was-paul-arrested and #why-was-paul-important-to-christianity,,
st paul of tarsus miracles,0,,Biography and general questions,/questions/#who-was-paul and the question headings above,,
st paul of tarsus person,0,,Biography and general questions,/questions/#who-was-paul and the question headings above,,
st paul of tarsus religious education,0,,Biography and general questions,/questions/#who-was-paul and the question headings above,,
st paul of tarsus saint,0,,Biography and general questions,/questions/#who-was-paul and the question headings above,,
st paul of tarsus symbol,0,,Biography and general questions,/questions/#who-was-paul and the question headings above,,
st paul of tarsus timeline,0,,Journeys and ministry,/questions/#how-many-times-was-paul-arrested and #why-was-paul-important-to-christianity,,
st paul of tarsus wedding,0,,Biography and general questions,/questions/#who-was-paul and the question headings above,,
st. paul of tarsus saint,0,,Biography and general questions,/questions/#who-was-paul and the question headings above,,
st.paul of tarsus,0,,Head terms (the subject itself),"Front page, /the-man/ and the site title (Paul of Tarsus, Apostle of Doom)",,
stourton paul of tarsus,0,,Biography and general questions,/questions/#who-was-paul and the question headings above,,
tarsus birthplace of paul,0,,"Birth, family and background",/questions/#where-and-when-was-paul-born and #was-paul-married,,
tarsus city of paul,0,,Biography and general questions,/questions/#who-was-paul and the question headings above,,
tarsus home of paul,0,,Biography and general questions,/questions/#who-was-paul and the question headings above,,
tarsus in the time of paul,0,,Biography and general questions,/questions/#who-was-paul and the question headings above,,
the ancestry of paul of tarsus,0,,Biography and general questions,/questions/#who-was-paul and the question headings above,,
the bible history channel paul of tarsus,0,,Biography and general questions,/questions/#who-was-paul and the question headings above,,
the bible paul of tarsus st paul,0,,Biography and general questions,/questions/#who-was-paul and the question headings above,,
the conversion of paul of tarsus,0,,Conversion and Damascus road,"/questions/#are-saul-and-paul-the-same-person, #did-paul-kill-christians, #what-happened-on-the-road-to-damascus",,
the conversion of paul of tarsus to christianity,0,,Conversion and Damascus road,"/questions/#are-saul-and-paul-the-same-person, #did-paul-kill-christians, #what-happened-on-the-road-to-damascus",,
the conversion of paul saul of tarsus,0,,Conversion and Damascus road,"/questions/#are-saul-and-paul-the-same-person, #did-paul-kill-christians, #what-happened-on-the-road-to-damascus",,
the death of paul of tarsus,0,,Death and martyrdom,/questions/#how-did-paul-die; /the-charges/a-death-the-scriptures-never-record/,,
the death of st paul of tarsus,0,,Death and martyrdom,/questions/#how-did-paul-die; /the-charges/a-death-the-scriptures-never-record/,,
the history of paul of tarsus,0,,Biography and general questions,/questions/#who-was-paul and the question headings above,,
the life and works of st paul of tarsus,0,,Biography and general questions,/questions/#who-was-paul and the question headings above,,
the life of st paul of tarsus,0,,Biography and general questions,/questions/#who-was-paul and the question headings above,,
the message of paul of tarsus focuses on,0,,"Birth, family and background",/questions/#where-and-when-was-paul-born and #was-paul-married,,
the paul of tarsus murder,0,,Biography and general questions,/questions/#who-was-paul and the question headings above,,
the paul of tarsus murders,0,,Biography and general questions,/questions/#who-was-paul and the question headings above,,
the persistance of heresy paul of tarsus,0,,Biography and general questions,/questions/#who-was-paul and the question headings above,,
timeline of st paul of tarsus,0,,Journeys and ministry,/questions/#how-many-times-was-paul-arrested and #why-was-paul-important-to-christianity,,
timeline paul of tarsus,0,,Journeys and ministry,/questions/#how-many-times-was-paul-arrested and #why-was-paul-important-to-christianity,,
travels of paul of tarsus,0,,Journeys and ministry,/questions/#how-many-times-was-paul-arrested and #why-was-paul-important-to-christianity,,
was paul of tarsus a disciple,0,,Disciple or apostle status,/questions/#was-paul-one-of-the-twelve and #who-taught-paul,,yes
was paul of tarsus a pharisee,0,,"Pharisee, Jew and Roman citizen",/questions/#was-paul-a-jew-and-a-pharisee and #was-paul-a-roman-citizen,,yes
was paul of tarsus a real person,0,,"Criticism, Islam and truth","/questions/#was-paul-a-real-person, #does-islam-mention-paul, #what-did-paul-do-wrong",,yes
was paul of tarsus a roman citizen,0,,"Pharisee, Jew and Roman citizen",/questions/#was-paul-a-jew-and-a-pharisee and #was-paul-a-roman-citizen,,yes
was paul of tarsus a roman soldier,0,,"Pharisee, Jew and Roman citizen",/questions/#was-paul-a-jew-and-a-pharisee and #was-paul-a-roman-citizen,,yes
was paul of tarsus a sage,0,,"Birth, family and background",/questions/#where-and-when-was-paul-born and #was-paul-married,,yes
was paul of tarsus a saint,0,,Biography and general questions,/questions/#who-was-paul and the question headings above,,yes
was paul of tarsus alive when juses was,0,,Biography and general questions,/questions/#who-was-paul and the question headings above,,yes
was paul of tarsus decidents of bejamin,0,,Biography and general questions,/questions/#who-was-paul and the question headings above,,yes
was paul of tarsus decinded of mesheboth,0,,Biography and general questions,/questions/#who-was-paul and the question headings above,,yes
was paul of tarsus ever married,0,,"Birth, family and background",/questions/#where-and-when-was-paul-born and #was-paul-married,,yes
was paul of tarsus jewish,0,,"Pharisee, Jew and Roman citizen",/questions/#was-paul-a-jew-and-a-pharisee and #was-paul-a-roman-citizen,,yes
was paul of tarsus political,0,,Biography and general questions,/questions/#who-was-paul and the question headings above,,yes
was saul of tarsus also apostle paul,0,,Conversion and Damascus road,"/questions/#are-saul-and-paul-the-same-person, #did-paul-kill-christians, #what-happened-on-the-road-to-damascus",,yes
was saul of tarsus st paul,0,,Conversion and Damascus road,"/questions/#are-saul-and-paul-the-same-person, #did-paul-kill-christians, #what-happened-on-the-road-to-damascus",,yes
what did james adjust say to paul of tarsus,0,,Journeys and ministry,/questions/#how-many-times-was-paul-arrested and #why-was-paul-important-to-christianity,,yes
what did paul of tarsus accomplish,0,,Biography and general questions,/questions/#who-was-paul and the question headings above,,yes
what did paul of tarsus believed,0,,"Criticism, Islam and truth","/questions/#was-paul-a-real-person, #does-islam-mention-paul, #what-did-paul-do-wrong",,yes
what did paul of tarsus do for christianity,0,,Founder of Christianity,/questions/#did-paul-found-christianity and #why-was-paul-important-to-christianity,,yes
what did paul of tarsus teach,0,,Biography and general questions,/questions/#who-was-paul and the question headings above,,yes
what did st paul of tarsus do,0,,Biography and general questions,/questions/#who-was-paul and the question headings above,,yes
what does paul of tarsus mean,0,,Name and meaning,/questions/#what-does-the-name-paul-mean,,yes
what is not a true statement about paul of tarsus,0,,Biography and general questions,/questions/#who-was-paul and the question headings above,,yes
what is paul of tarsus full name,0,,Biography and general questions,/questions/#who-was-paul and the question headings above,,yes
what is paul of tarsus known for,0,,Biography and general questions,/questions/#who-was-paul and the question headings above,,yes
what is saul of tarsus to paul,0,,Conversion and Damascus road,"/questions/#are-saul-and-paul-the-same-person, #did-paul-kill-christians, #what-happened-on-the-road-to-damascus",,yes
what is substitutionary atonement according to paul of tarsus,0,,Biography and general questions,/questions/#who-was-paul and the question headings above,,yes
what is the significance of paul of tarsus,0,,Biography and general questions,/questions/#who-was-paul and the question headings above,,yes
what made paul of tarsus convert to christianity,0,,Founder of Christianity,/questions/#did-paul-found-christianity and #why-was-paul-important-to-christianity,,yes
what was paul of tarsus occupation,0,,"Birth, family and background",/questions/#where-and-when-was-paul-born and #was-paul-married,,yes
what was saul paul of tarsus famous for,0,,Conversion and Damascus road,"/questions/#are-saul-and-paul-the-same-person, #did-paul-kill-christians, #what-happened-on-the-road-to-damascus",,yes
what was st paul of tarsus's message,0,,"Birth, family and background",/questions/#where-and-when-was-paul-born and #was-paul-married,,yes
what was the importance of paul of tarsus st paul,0,,Biography and general questions,/questions/#who-was-paul and the question headings above,,yes
what was the population of tarsus in paul's time,0,,Biography and general questions,/questions/#who-was-paul and the question headings above,,yes
what year was paul of tarsus born,0,,"Birth, family and background",/questions/#where-and-when-was-paul-born and #was-paul-married,,yes
when did paul of tarsus spread christianity,0,,Founder of Christianity,/questions/#did-paul-found-christianity and #why-was-paul-important-to-christianity,,yes
when did paul of tarsus start his ministry,0,,Journeys and ministry,/questions/#how-many-times-was-paul-arrested and #why-was-paul-important-to-christianity,,yes
when did paul of tarsus write his letters,0,,Writings and teaching,/questions/#what-books-did-paul-write and #what-did-paul-teach,,yes
when did paul of tarsus wrote epistles,0,,Writings and teaching,/questions/#what-books-did-paul-write and #what-did-paul-teach,,yes
when does saul of tarsus became paul,0,,Conversion and Damascus road,"/questions/#are-saul-and-paul-the-same-person, #did-paul-kill-christians, #what-happened-on-the-road-to-damascus",,yes
when how is paul of tarsus die,0,,Death and martyrdom,/questions/#how-did-paul-die; /the-charges/a-death-the-scriptures-never-record/,,yes
when was paul of tarsus alive,0,,Biography and general questions,/questions/#who-was-paul and the question headings above,,yes
when was paul of tarsus executed,0,,Death and martyrdom,/questions/#how-did-paul-die; /the-charges/a-death-the-scriptures-never-record/,,yes
when was saint paul of tarsus born,0,,"Birth, family and background",/questions/#where-and-when-was-paul-born and #was-paul-married,,yes
when was saint paul of tarsus canonized,0,,Biography and general questions,/questions/#who-was-paul and the question headings above,,yes
when was saul of tarsus's name changed to paul,0,,Conversion and Damascus road,"/questions/#are-saul-and-paul-the-same-person, #did-paul-kill-christians, #what-happened-on-the-road-to-damascus",,yes
when was the conversion of paul saul of tarsus,0,,Conversion and Damascus road,"/questions/#are-saul-and-paul-the-same-person, #did-paul-kill-christians, #what-happened-on-the-road-to-damascus",,yes
where did paul of tarsus die,0,,Death and martyrdom,/questions/#how-did-paul-die; /the-charges/a-death-the-scriptures-never-record/,,yes
where did st paul of tarsus live,0,,Biography and general questions,/questions/#who-was-paul and the question headings above,,yes
where is paul of tarsus mentioned in bible,0,,Biography and general questions,/questions/#who-was-paul and the question headings above,,yes
where to find lineage of paul of tarsus in bible,0,,"Birth, family and background",/questions/#where-and-when-was-paul-born and #was-paul-married,,yes
where was paul of tarsus killed,0,,Death and martyrdom,/questions/#how-did-paul-die; /the-charges/a-death-the-scriptures-never-record/,,yes
which is not true about paul of tarsus,0,,Biography and general questions,/questions/#who-was-paul and the question headings above,,yes
who baptised paul of tarsus,0,,Biography and general questions,/questions/#who-was-paul and the question headings above,,yes
who did paul of tarsus preach to,0,,Journeys and ministry,/questions/#how-many-times-was-paul-arrested and #why-was-paul-important-to-christianity,,yes
who did paul of tarsus stoned to death,0,,Death and martyrdom,/questions/#how-did-paul-die; /the-charges/a-death-the-scriptures-never-record/,,yes
who did paul of tarsus study under,0,,Biography and general questions,/questions/#who-was-paul and the question headings above,,yes
who is paul of tarsus and what did he do,0,,Biography and general questions,/questions/#who-was-paul and the question headings above,,yes
who is paul saul of tarsus in the bible,0,,Conversion and Damascus road,"/questions/#are-saul-and-paul-the-same-person, #did-paul-kill-christians, #what-happened-on-the-road-to-damascus",,yes
who is this paul of tarsus,0,,Biography and general questions,/questions/#who-was-paul and the question headings above,,yes
who killed paul of tarsus,0,,Death and martyrdom,/questions/#how-did-paul-die; /the-charges/a-death-the-scriptures-never-record/,,yes
who really was paul of tarsus,0,,"Criticism, Islam and truth","/questions/#was-paul-a-real-person, #does-islam-mention-paul, #what-did-paul-do-wrong",,yes
who st paul of tarsus,0,,Biography and general questions,/questions/#who-was-paul and the question headings above,,yes
who was paul of tarsus and why was he significant,0,,Biography and general questions,/questions/#who-was-paul and the question headings above,,yes
who was paul of tarsus family in the bible,0,,"Birth, family and background",/questions/#where-and-when-was-paul-born and #was-paul-married,,yes
who was paul of tarsus father,0,,Biography and general questions,/questions/#who-was-paul and the question headings above,,yes
who was paul of tarsus youtube,0,,Biography and general questions,/questions/#who-was-paul and the question headings above,,yes
who was paul of tarsus's teacher,0,,Biography and general questions,/questions/#who-was-paul and the question headings above,,yes
who was paul saul of tarsus,0,,Conversion and Damascus road,"/questions/#are-saul-and-paul-the-same-person, #did-paul-kill-christians, #what-happened-on-the-road-to-damascus",,yes
who was saint paul of tarsus,0,,Biography and general questions,/questions/#who-was-paul and the question headings above,,yes
who was the paul of tarsus,0,,Biography and general questions,/questions/#who-was-paul and the question headings above,,yes
who were paul of tarsus parents,0,,"Birth, family and background",/questions/#where-and-when-was-paul-born and #was-paul-married,,yes
who were peter and paul of tarsus,0,,Journeys and ministry,/questions/#how-many-times-was-paul-arrested and #why-was-paul-important-to-christianity,,yes
who were the parents of saint paul of tarsus,0,,"Birth, family and background",/questions/#where-and-when-was-paul-born and #was-paul-married,,yes
why did paul of tarsus start a church,0,,Biography and general questions,/questions/#who-was-paul and the question headings above,,yes
why is paul of tarsus important,0,,Writings and teaching,/questions/#what-books-did-paul-write and #what-did-paul-teach,,yes
why is paul of tarsus important yahoo,0,,Writings and teaching,/questions/#what-books-did-paul-write and #what-did-paul-teach,,yes
why is saint paul of tarsus a loving saint,0,,Biography and general questions,/questions/#who-was-paul and the question headings above,,yes
why was paul of tarsus important yahoo,0,,Writings and teaching,/questions/#what-books-did-paul-write and #what-did-paul-teach,,yes
why was paul of tarsus importnat,0,,Biography and general questions,/questions/#who-was-paul and the question headings above,,yes
why was paul of tarsus importnat yahoo,0,,Biography and general questions,/questions/#who-was-paul and the question headings above,,yes
why was paul of tarsus killed,0,,Death and martyrdom,/questions/#how-did-paul-die; /the-charges/a-death-the-scriptures-never-record/,,yes
wjo was the rebel paul of tarsus,0,,Biography and general questions,/questions/#who-was-paul and the question headings above,,
y paul of tarsus,0,,Biography and general questions,/questions/#who-was-paul and the question headings above,,
youtube paul of tarsus,0,,Biography and general questions,/questions/#who-was-paul and the question headings above,,
st paulines,27100,39,IRRELEVANT,not used (see irrelevant_reason),other Pauls or non-biblical,
st.paulus,22200,39,IRRELEVANT,not used (see irrelevant_reason),other Pauls or non-biblical,
saint paulos,6600,70,IRRELEVANT,not used (see irrelevant_reason),other Pauls or non-biblical,
paul dans la bible,1600,28,IRRELEVANT,not used (see irrelevant_reason),other Pauls or non-biblical,
paul street,1300,19,IRRELEVANT,not used (see irrelevant_reason),other Pauls or non-biblical,
paul in 90 day fiance,1000,47,IRRELEVANT,not used (see irrelevant_reason),other Pauls or non-biblical,
sir paul,1000,74,IRRELEVANT,not used (see irrelevant_reason),other Pauls or non-biblical,
s. t. p,880,48,IRRELEVANT,not used (see irrelevant_reason),other Pauls or non-biblical,
st p,880,51,IRRELEVANT,not used (see irrelevant_reason),other Pauls or non-biblical,
stpaul,880,87,IRRELEVANT,not used (see irrelevant_reason),other Pauls or non-biblical,
pastor paul,590,41,IRRELEVANT,not used (see irrelevant_reason),other Pauls or non-biblical,
paul apostle of christ movie,590,42,IRRELEVANT,not used (see irrelevant_reason),film / media,
paul e miller a praying life,590,6,IRRELEVANT,not used (see irrelevant_reason),other Pauls or non-biblical,
paul rudd friendship movie,590,55,IRRELEVANT,not used (see irrelevant_reason),film / media,
apostol pablo,480,54,IRRELEVANT,not used (see irrelevant_reason),other language or unrelated name,
pablo de tarso,480,34,IRRELEVANT,not used (see irrelevant_reason),other language or unrelated name,
paul apostle of christ film,480,53,IRRELEVANT,not used (see irrelevant_reason),film / media,
paul paul,480,50,IRRELEVANT,not used (see irrelevant_reason),other Pauls or non-biblical,
pst paul,480,44,IRRELEVANT,not used (see irrelevant_reason),other Pauls or non-biblical,
st paul p,480,43,IRRELEVANT,not used (see irrelevant_reason),other Pauls or non-biblical,
watch the apostle,480,37,IRRELEVANT,not used (see irrelevant_reason),study-aid or navigational,
san pablo apostol,390,43,IRRELEVANT,not used (see irrelevant_reason),other language or unrelated name,
feast of st paul,320,29,IRRELEVANT,not used (see irrelevant_reason),devotional / Catholic observance,
san pablo santo,320,49,IRRELEVANT,not used (see irrelevant_reason),other language or unrelated name,
st paul feast day,320,21,IRRELEVANT,not used (see irrelevant_reason),devotional / Catholic observance,
st paul patron saint of,320,23,IRRELEVANT,not used (see irrelevant_reason),devotional / Catholic observance,
apostol san pablo,260,48,IRRELEVANT,not used (see irrelevant_reason),other language or unrelated name,
church of st paul in the desert,260,32,IRRELEVANT,not used (see irrelevant_reason),"local church, school or place",
feast of saint paul,260,21,IRRELEVANT,not used (see irrelevant_reason),devotional / Catholic observance,
st paul the patron saint of,260,14,IRRELEVANT,not used (see irrelevant_reason),devotional / Catholic observance,
paul last name origin,210,15,IRRELEVANT,not used (see irrelevant_reason),other language or unrelated name,
paul paul paul,210,32,IRRELEVANT,not used (see irrelevant_reason),other Pauls or non-biblical,
san pablo el apostol,210,46,IRRELEVANT,not used (see irrelevant_reason),other language or unrelated name,
san paul,210,60,IRRELEVANT,not used (see irrelevant_reason),other language or unrelated name,
st paul of tarsus clinton township mi,210,23,IRRELEVANT,not used (see irrelevant_reason),"local church, school or place",
st paul of tarsus clinton twp mi,210,21,IRRELEVANT,not used (see irrelevant_reason),"local church, school or place",
st paul of tarsus mass times,210,14,IRRELEVANT,not used (see irrelevant_reason),"local church, school or place",
apostle korean film movie online youtube,170,40,IRRELEVANT,not used (see irrelevant_reason),film / media,
el apostol pablo,170,34,IRRELEVANT,not used (see irrelevant_reason),other language or unrelated name,
feast day st paul,170,20,IRRELEVANT,not used (see irrelevant_reason),devotional / Catholic observance,
paul b hardware lititz pa,170,48,IRRELEVANT,not used (see irrelevant_reason),"local church, school or place",
paul wiki,170,57,IRRELEVANT,not used (see irrelevant_reason),study-aid or navigational,
paul wikipedia,170,77,IRRELEVANT,not used (see irrelevant_reason),study-aid or navigational,
saint paul feast day,170,19,IRRELEVANT,not used (see irrelevant_reason),devotional / Catholic observance,
santo pablo,170,35,IRRELEVANT,not used (see irrelevant_reason),other language or unrelated name,
st paul of tarsus clinton township,170,22,IRRELEVANT,not used (see irrelevant_reason),"local church, school or place",
st paul wiki,170,61,IRRELEVANT,not used (see irrelevant_reason),study-aid or navigational,
st paul wikipedia,170,77,IRRELEVANT,not used (see irrelevant_reason),study-aid or navigational,
what is st paul the patron saint of,170,17,IRRELEVANT,not used (see irrelevant_reason),devotional / Catholic observance,yes
last name paul origin,140,17,IRRELEVANT,not used (see irrelevant_reason),other language or unrelated name,
pablo apóstol de cristo,140,26,IRRELEVANT,not used (see irrelevant_reason),other language or unrelated name,
pablo el apostol,140,,IRRELEVANT,not used (see irrelevant_reason),other language or unrelated name,
pablo el apostol de cristo,140,37,IRRELEVANT,not used (see irrelevant_reason),other language or unrelated name,
saint paul wiki,140,64,IRRELEVANT,not used (see irrelevant_reason),study-aid or navigational,
san pablo saint,140,43,IRRELEVANT,not used (see irrelevant_reason),other language or unrelated name,
st paul patron of,140,44,IRRELEVANT,not used (see irrelevant_reason),devotional / Catholic observance,
st. paul's feast day,140,15,IRRELEVANT,not used (see irrelevant_reason),devotional / Catholic observance,
watch the apostle movie,140,41,IRRELEVANT,not used (see irrelevant_reason),study-aid or navigational,
what is saint paul the patron saint of,140,29,IRRELEVANT,not used (see irrelevant_reason),devotional / Catholic observance,yes
pablo in the bible,110,49,IRRELEVANT,not used (see irrelevant_reason),other language or unrelated name,
paul last name,110,17,IRRELEVANT,not used (see irrelevant_reason),other language or unrelated name,
paul schooling,110,26,IRRELEVANT,not used (see irrelevant_reason),"local church, school or place",
saint paul patron saint of,110,12,IRRELEVANT,not used (see irrelevant_reason),devotional / Catholic observance,
san pablo apóstol,110,40,IRRELEVANT,not used (see irrelevant_reason),other language or unrelated name,
what is saint paul the patron of,110,11,IRRELEVANT,not used (see irrelevant_reason),devotional / Catholic observance,yes
what was saint paul the patron saint of,110,14,IRRELEVANT,not used (see irrelevant_reason),devotional / Catholic observance,yes
anastpaul,90,76,IRRELEVANT,not used (see irrelevant_reason),other Pauls or non-biblical,
apostolo paulo,90,28,IRRELEVANT,not used (see irrelevant_reason),other language or unrelated name,
feast of the conversion of st paul,90,20,IRRELEVANT,not used (see irrelevant_reason),devotional / Catholic observance,
for paul,90,47,IRRELEVANT,not used (see irrelevant_reason),other Pauls or non-biblical,
hebrew for paul,90,24,IRRELEVANT,not used (see irrelevant_reason),other Pauls or non-biblical,
hebrew name for paul,90,23,IRRELEVANT,not used (see irrelevant_reason),other Pauls or non-biblical,
movie paul apostle of christ,90,50,IRRELEVANT,not used (see irrelevant_reason),film / media,
origin of the name paul,90,24,IRRELEVANT,not used (see irrelevant_reason),other language or unrelated name,
pablo apostol,90,57,IRRELEVANT,not used (see irrelevant_reason),other language or unrelated name,
pablo in bible,90,52,IRRELEVANT,not used (see irrelevant_reason),other language or unrelated name,
paul in spanish bible,90,22,IRRELEVANT,not used (see irrelevant_reason),other Pauls or non-biblical,
paul jones arena seating chart,90,52,IRRELEVANT,not used (see irrelevant_reason),other Pauls or non-biblical,
paul santa,90,32,IRRELEVANT,not used (see irrelevant_reason),other Pauls or non-biblical,
paul service,90,20,IRRELEVANT,not used (see irrelevant_reason),other Pauls or non-biblical,
paul walker gf at time of death,90,61,IRRELEVANT,not used (see irrelevant_reason),other Pauls or non-biblical,
paulo de tarso,90,26,IRRELEVANT,not used (see irrelevant_reason),other language or unrelated name,
pauo,90,69,IRRELEVANT,not used (see irrelevant_reason),other Pauls or non-biblical,
payl story,90,22,IRRELEVANT,not used (see irrelevant_reason),other Pauls or non-biblical,
saint laul,90,36,IRRELEVANT,not used (see irrelevant_reason),other Pauls or non-biblical,
saint paul is the patron saint of what,90,15,IRRELEVANT,not used (see irrelevant_reason),devotional / Catholic observance,
saint paul's day,90,43,IRRELEVANT,not used (see irrelevant_reason),devotional / Catholic observance,
sao paulo santo,90,26,IRRELEVANT,not used (see irrelevant_reason),other language or unrelated name,
st paul movie cast,90,47,IRRELEVANT,not used (see irrelevant_reason),study-aid or navigational,
st paul san pablo,90,29,IRRELEVANT,not used (see irrelevant_reason),other language or unrelated name,
wiki paul,90,57,IRRELEVANT,not used (see irrelevant_reason),study-aid or navigational,
apostle paul biography pdf,70,12,IRRELEVANT,not used (see irrelevant_reason),study-aid or navigational,
apostle paul in spanish,70,27,IRRELEVANT,not used (see irrelevant_reason),other Pauls or non-biblical,
disciple of paul crossword,70,10,IRRELEVANT,not used (see irrelevant_reason),study-aid or navigational,
feast of the conversion of saint paul,70,12,IRRELEVANT,not used (see irrelevant_reason),devotional / Catholic observance,
is saint pablo a real saint,70,37,IRRELEVANT,not used (see irrelevant_reason),other language or unrelated name,yes
life history of apostle paul pdf,70,4,IRRELEVANT,not used (see irrelevant_reason),study-aid or navigational,
pablo bible,70,48,IRRELEVANT,not used (see irrelevant_reason),other language or unrelated name,
pablo tarso,70,35,IRRELEVANT,not used (see irrelevant_reason),other language or unrelated name,
paul newman movie hombre,70,51,IRRELEVANT,not used (see irrelevant_reason),film / media,
paulo apostolo,70,33,IRRELEVANT,not used (see irrelevant_reason),other language or unrelated name,
philippians wikipedia,70,46,IRRELEVANT,not used (see irrelevant_reason),study-aid or navigational,
saint paul in spanish,70,22,IRRELEVANT,not used (see irrelevant_reason),other Pauls or non-biblical,
saint paul wikipedia,70,74,IRRELEVANT,not used (see irrelevant_reason),study-aid or navigational,
santo san pablo,70,30,IRRELEVANT,not used (see irrelevant_reason),other language or unrelated name,
saul de tarso,70,37,IRRELEVANT,not used (see irrelevant_reason),other language or unrelated name,
stpaul church,70,55,IRRELEVANT,not used (see irrelevant_reason),other Pauls or non-biblical,
what is st paul patron saint of,70,14,IRRELEVANT,not used (see irrelevant_reason),devotional / Catholic observance,yes
where can i watch the apostle,70,44,IRRELEVANT,not used (see irrelevant_reason),study-aid or navigational,yes
last name paul,50,16,IRRELEVANT,not used (see irrelevant_reason),other language or unrelated name,
paul mcshane footballer,50,48,IRRELEVANT,not used (see irrelevant_reason),"local church, school or place",
paul of tarsus movie,50,41,IRRELEVANT,not used (see irrelevant_reason),film / media,
paul the movie full movie free,50,28,IRRELEVANT,not used (see irrelevant_reason),study-aid or navigational,
st paul's feast day,50,16,IRRELEVANT,not used (see irrelevant_reason),devotional / Catholic observance,
apostle wiki,40,72,IRRELEVANT,not used (see irrelevant_reason),study-aid or navigational,
apostle wikipedia,40,79,IRRELEVANT,not used (see irrelevant_reason),study-aid or navigational,
feast day of st paul the apostle,40,3,IRRELEVANT,not used (see irrelevant_reason),devotional / Catholic observance,
feast of st paul the apostle,40,18,IRRELEVANT,not used (see irrelevant_reason),devotional / Catholic observance,
feastday of st paul the apostle,40,14,IRRELEVANT,not used (see irrelevant_reason),devotional / Catholic observance,
is paul in the chosen series,40,28,IRRELEVANT,not used (see irrelevant_reason),film / media,yes
patron saint paul,40,11,IRRELEVANT,not used (see irrelevant_reason),devotional / Catholic observance,
ron paul religion,40,26,IRRELEVANT,not used (see irrelevant_reason),other Pauls or non-biblical,
saint paul of tarsus food pantry - food distribution center,40,13,IRRELEVANT,not used (see irrelevant_reason),"local church, school or place",
saint paul patronage,40,8,IRRELEVANT,not used (see irrelevant_reason),devotional / Catholic observance,
st paul the apostle feast day,40,13,IRRELEVANT,not used (see irrelevant_reason),devotional / Catholic observance,
st pauls feast day,40,23,IRRELEVANT,not used (see irrelevant_reason),devotional / Catholic observance,
the apostle wiki,40,64,IRRELEVANT,not used (see irrelevant_reason),study-aid or navigational,
the feast of st paul,40,28,IRRELEVANT,not used (see irrelevant_reason),devotional / Catholic observance,
what is st paul's feast day,40,19,IRRELEVANT,not used (see irrelevant_reason),devotional / Catholic observance,yes
paul of tarsus film,20,,IRRELEVANT,not used (see irrelevant_reason),film / media,
paul of tarsus quizlet,20,,IRRELEVANT,not used (see irrelevant_reason),study-aid or navigational,
paul of tarsus wiki,20,,IRRELEVANT,not used (see irrelevant_reason),study-aid or navigational,
paul of tarsus wikipedia,20,,IRRELEVANT,not used (see irrelevant_reason),study-aid or navigational,
st paul of tarsus bulletins,20,,IRRELEVANT,not used (see irrelevant_reason),"local church, school or place",
st paul of tarsus catholic church,20,,IRRELEVANT,not used (see irrelevant_reason),"local church, school or place",
st paul of tarsus clinton twp,20,,IRRELEVANT,not used (see irrelevant_reason),"local church, school or place",
st paul of tarsus food pantry,20,,IRRELEVANT,not used (see irrelevant_reason),"local church, school or place",
st paul of tarsus mass schedule,20,,IRRELEVANT,not used (see irrelevant_reason),"local church, school or place",
st paul of tarsus movie,20,,IRRELEVANT,not used (see irrelevant_reason),film / media,
the bible paul of tarsus movie,20,,IRRELEVANT,not used (see irrelevant_reason),film / media,
the bible series paul of tarsus,20,,IRRELEVANT,not used (see irrelevant_reason),film / media,
prayer to st paul of tarsus,10,,IRRELEVANT,not used (see irrelevant_reason),devotional / Catholic observance,
saint paul of tarsus food pantry food distribution center,10,,IRRELEVANT,not used (see irrelevant_reason),"local church, school or place",
cast of st paul of tarsus,0,,IRRELEVANT,not used (see irrelevant_reason),study-aid or navigational,
city of tarsus when paul was born,0,12,IRRELEVANT,not used (see irrelevant_reason),other language or unrelated name,
contribution and impact of paul of tarsus essay,0,,IRRELEVANT,not used (see irrelevant_reason),study-aid or navigational,
corinthians by paul of tarsus pdf,0,,IRRELEVANT,not used (see irrelevant_reason),study-aid or navigational,
fiction series st paul of tarsus,0,,IRRELEVANT,not used (see irrelevant_reason),film / media,
historical evidence for paul of tarsus,0,,IRRELEVANT,not used (see irrelevant_reason),other Pauls or non-biblical,
how did paul of tarsus quizlet,0,,IRRELEVANT,not used (see irrelevant_reason),study-aid or navigational,yes
is st paul of tarsus a roman catholic movie,0,,IRRELEVANT,not used (see irrelevant_reason),film / media,yes
modern day telling of saul tarsus paul novel series,0,,IRRELEVANT,not used (see irrelevant_reason),film / media,
movie saint paul of tarsus,0,,IRRELEVANT,not used (see irrelevant_reason),film / media,
movies about paul of tarsus,0,,IRRELEVANT,not used (see irrelevant_reason),film / media,
non-biblical evidence for paul of tarsus,0,,IRRELEVANT,not used (see irrelevant_reason),other Pauls or non-biblical,
paul of tarsus 2000 full movie,0,,IRRELEVANT,not used (see irrelevant_reason),study-aid or navigational,
paul of tarsus amazon,0,,IRRELEVANT,not used (see irrelevant_reason),study-aid or navigational,
paul of tarsus apostle to the gentiles pdf,0,,IRRELEVANT,not used (see irrelevant_reason),study-aid or navigational,
paul of tarsus believed that quizlet,0,,IRRELEVANT,not used (see irrelevant_reason),study-aid or navigational,
paul of tarsus cast,0,,IRRELEVANT,not used (see irrelevant_reason),study-aid or navigational,
paul of tarsus catholic church,0,,IRRELEVANT,not used (see irrelevant_reason),"local church, school or place",
paul of tarsus church clinton township mi,0,,IRRELEVANT,not used (see irrelevant_reason),"local church, school or place",
paul of tarsus contribution to christianity essay,0,,IRRELEVANT,not used (see irrelevant_reason),study-aid or navigational,
paul of tarsus definition quizlet,0,,IRRELEVANT,not used (see irrelevant_reason),study-aid or navigational,
paul of tarsus essay,0,,IRRELEVANT,not used (see irrelevant_reason),study-aid or navigational,
paul of tarsus film harington,0,,IRRELEVANT,not used (see irrelevant_reason),film / media,
paul of tarsus film roma downey and mark burnett,0,,IRRELEVANT,not used (see irrelevant_reason),film / media,
paul of tarsus full movie,0,,IRRELEVANT,not used (see irrelevant_reason),study-aid or navigational,
paul of tarsus hsc,0,,IRRELEVANT,not used (see irrelevant_reason),study-aid or navigational,
paul of tarsus hsc notes,0,,IRRELEVANT,not used (see irrelevant_reason),study-aid or navigational,
paul of tarsus impact on christianity essay,0,,IRRELEVANT,not used (see irrelevant_reason),study-aid or navigational,
paul of tarsus movie 1990,0,,IRRELEVANT,not used (see irrelevant_reason),film / media,
paul of tarsus movie 2000,0,,IRRELEVANT,not used (see irrelevant_reason),film / media,
paul of tarsus movie 2018,0,,IRRELEVANT,not used (see irrelevant_reason),film / media,
paul of tarsus movie cast,0,,IRRELEVANT,not used (see irrelevant_reason),study-aid or navigational,
paul of tarsus movie deleted scenes,0,,IRRELEVANT,not used (see irrelevant_reason),film / media,
paul of tarsus movie download,0,,IRRELEVANT,not used (see irrelevant_reason),film / media,
paul of tarsus movie trailer,0,,IRRELEVANT,not used (see irrelevant_reason),study-aid or navigational,
paul of tarsus movie youtube,0,,IRRELEVANT,not used (see irrelevant_reason),film / media,
paul of tarsus new movie,0,,IRRELEVANT,not used (see irrelevant_reason),film / media,
paul of tarsus pdf,0,,IRRELEVANT,not used (see irrelevant_reason),study-aid or navigational,
paul of tarsus quotes hsc,0,,IRRELEVANT,not used (see irrelevant_reason),study-aid or navigational,
paul of tarsus sor essay,0,,IRRELEVANT,not used (see irrelevant_reason),study-aid or navigational,
paul of tarsus the bible series,0,,IRRELEVANT,not used (see irrelevant_reason),film / media,
paul of tarsus turkey,0,,IRRELEVANT,not used (see irrelevant_reason),other language or unrelated name,
paul of tarsus tv movie,0,,IRRELEVANT,not used (see irrelevant_reason),film / media,
paul of tarsus tv series,0,,IRRELEVANT,not used (see irrelevant_reason),film / media,
paul's of tarsus occupation crossword clue,0,,IRRELEVANT,not used (see irrelevant_reason),study-aid or navigational,
prayer of paul of tarsus,0,,IRRELEVANT,not used (see irrelevant_reason),devotional / Catholic observance,
prayer of st paul of tarsus,0,,IRRELEVANT,not used (see irrelevant_reason),devotional / Catholic observance,
revuews for paul of tarsus,0,,IRRELEVANT,not used (see irrelevant_reason),other Pauls or non-biblical,
revuews for st paul of tarsus movie,0,,IRRELEVANT,not used (see irrelevant_reason),film / media,
saint paul of tarsus bible series,0,,IRRELEVANT,not used (see irrelevant_reason),film / media,
saint paul of tarsus catholic church,0,,IRRELEVANT,not used (see irrelevant_reason),"local church, school or place",
saint paul of tarsus clinton township mi,0,,IRRELEVANT,not used (see irrelevant_reason),"local church, school or place",
saint paul of tarsus clinton township michigan,0,,IRRELEVANT,not used (see irrelevant_reason),"local church, school or place",
saint paul of tarsus feast day,0,,IRRELEVANT,not used (see irrelevant_reason),devotional / Catholic observance,
saint paul of tarsus movie,0,,IRRELEVANT,not used (see irrelevant_reason),film / media,
saint paul of tarsus prayer,0,,IRRELEVANT,not used (see irrelevant_reason),devotional / Catholic observance,
saint paul paul of tarsus,0,,IRRELEVANT,not used (see irrelevant_reason),other Pauls or non-biblical,
saint paul paul of tarsus history,0,,IRRELEVANT,not used (see irrelevant_reason),other Pauls or non-biblical,
saul of tarsus the life of st paul movie review,0,,IRRELEVANT,not used (see irrelevant_reason),film / media,
st paul of tarsus augustinian,0,,IRRELEVANT,not used (see irrelevant_reason),"local church, school or place",
st paul of tarsus augustinian villanova,0,,IRRELEVANT,not used (see irrelevant_reason),"local church, school or place",
st paul of tarsus bulletin,0,,IRRELEVANT,not used (see irrelevant_reason),"local church, school or place",
st paul of tarsus calendar,0,,IRRELEVANT,not used (see irrelevant_reason),"local church, school or place",
st paul of tarsus cast,0,,IRRELEVANT,not used (see irrelevant_reason),study-aid or navigational,
st paul of tarsus catholic church clinton township mi,0,,IRRELEVANT,not used (see irrelevant_reason),"local church, school or place",
st paul of tarsus catholic church clinton twp mi,0,,IRRELEVANT,not used (see irrelevant_reason),"local church, school or place",
st paul of tarsus catholic church in clinton township,0,,IRRELEVANT,not used (see irrelevant_reason),"local church, school or place",
st paul of tarsus christmas eve mass,0,,IRRELEVANT,not used (see irrelevant_reason),"local church, school or place",
st paul of tarsus christmas mass schedule,0,,IRRELEVANT,not used (see irrelevant_reason),"local church, school or place",
st paul of tarsus church charter township of clinton mi,0,,IRRELEVANT,not used (see irrelevant_reason),"local church, school or place",
st paul of tarsus church charter twp of clinton mi,0,,IRRELEVANT,not used (see irrelevant_reason),"local church, school or place",
st paul of tarsus church clinton township,0,,IRRELEVANT,not used (see irrelevant_reason),"local church, school or place",
st paul of tarsus church clinton twp,0,,IRRELEVANT,not used (see irrelevant_reason),"local church, school or place",
st paul of tarsus church clinton twp mi,0,,IRRELEVANT,not used (see irrelevant_reason),"local church, school or place",
st paul of tarsus church clinton twp mi 48038,0,,IRRELEVANT,not used (see irrelevant_reason),"local church, school or place",
st paul of tarsus clinton township mass schedule,0,,IRRELEVANT,not used (see irrelevant_reason),"local church, school or place",
st paul of tarsus clinton township michigan,0,,IRRELEVANT,not used (see irrelevant_reason),"local church, school or place",
st paul of tarsus easter mass schedule,0,,IRRELEVANT,not used (see irrelevant_reason),"local church, school or place",
st paul of tarsus essay,0,,IRRELEVANT,not used (see irrelevant_reason),study-aid or navigational,
st paul of tarsus feast day,0,,IRRELEVANT,not used (see irrelevant_reason),devotional / Catholic observance,
st paul of tarsus full movie,0,,IRRELEVANT,not used (see irrelevant_reason),study-aid or navigational,
st paul of tarsus imdb,0,,IRRELEVANT,not used (see irrelevant_reason),study-aid or navigational,
st paul of tarsus movie 2005,0,,IRRELEVANT,not used (see irrelevant_reason),film / media,
st paul of tarsus movie cast,0,,IRRELEVANT,not used (see irrelevant_reason),study-aid or navigational,
st paul of tarsus movie tbn,0,,IRRELEVANT,not used (see irrelevant_reason),film / media,
st paul of tarsus parish,0,,IRRELEVANT,not used (see irrelevant_reason),"local church, school or place",
st paul of tarsus parish clinton twp,0,,IRRELEVANT,not used (see irrelevant_reason),"local church, school or place",
st paul of tarsus patron saint,0,,IRRELEVANT,not used (see irrelevant_reason),devotional / Catholic observance,
st paul of tarsus schedules,0,,IRRELEVANT,not used (see irrelevant_reason),"local church, school or place",
st paul of tarsus wikipedia,0,,IRRELEVANT,not used (see irrelevant_reason),study-aid or navigational,
st paul.of tarsus calendar,0,,IRRELEVANT,not used (see irrelevant_reason),"local church, school or place",
st. paul of tarsus catholic church in clinton township,0,,IRRELEVANT,not used (see irrelevant_reason),"local church, school or place",
st. paul of tarsus clinton township,0,,IRRELEVANT,not used (see irrelevant_reason),"local church, school or place",
st. paul of tarsus full movie,0,,IRRELEVANT,not used (see irrelevant_reason),study-aid or navigational,
the character of saint paul of tarsus pdf,0,,IRRELEVANT,not used (see irrelevant_reason),study-aid or navigational,
the movie paul of tarsus,0,,IRRELEVANT,not used (see irrelevant_reason),film / media,
the optimates and populares were quizlet paul of tarsus,0,,IRRELEVANT,not used (see irrelevant_reason),study-aid or navigational,
the persistance of heresy paul of tarsus pdf,0,,IRRELEVANT,not used (see irrelevant_reason),study-aid or navigational,
trivia about paul of tarsus,0,,IRRELEVANT,not used (see irrelevant_reason),study-aid or navigational,
what is st paul of tarsus the patron saint of,0,,IRRELEVANT,not used (see irrelevant_reason),devotional / Catholic observance,yes
who played paul of tarsus in the bible mini series,0,,IRRELEVANT,not used (see irrelevant_reason),film / media,yes
who plays paul of tarsus in the bible miniseries,0,,IRRELEVANT,not used (see irrelevant_reason),film / media,yes
who was paul of tarsus quizlet,0,,IRRELEVANT,not used (see irrelevant_reason),study-aid or navigational,yes
wikipedia paul of tarsus,0,,IRRELEVANT,not used (see irrelevant_reason),study-aid or navigational,
